path,size,mtime_utc,sha256
AGENTS.md,8467,2026-08-06T14:26:52.742493+00:00,691a8901fe1d0b68a17f00c3367a3f15e8d0f8ba59726690118e466a51ce6eb1
docs/ui-test-homepage-reference.png,65819,2026-08-04T11:14:39.236084+00:00,d1c6f97c81ec4f4f8f0c3bff4786b7be0187a466c64987663a95b04fffd82f34
docs/项目重构Plan提示词与UI参考_AI执行版.md,3575,2026-08-04T16:47:14.242100+00:00,49ca0bb435fee4d138cac734e84caeb7b78e198695ea91de9ff907d7ae1a8bdf
PLAN.md,42469,2026-08-06T12:47:25.726740+00:00,73c6896e3bc8a142531077fc6bef726cdc0de5fa60f26c2d718606f8bad47e11
Spec Source/Bin/blk.cdt_,159744,2018-01-14T05:08:44.000000+00:00,63260a4aafc81beedba61faf81d88db42518eb69d765a253e2cdb7279d3f9091
Spec Source/Bin/blk.cmt_,159744,2018-01-14T05:08:54.000000+00:00,e1e5c001b79294b9391a7e1269bba1bafa19f97b7d8133b2382cf3c67867591c
Spec Source/Bin/blk.edt_,176128,2014-10-17T01:26:56.000000+00:00,900ab4c99a37b532ea9ede5851854af4740d3514794790148052d61b457404ca
Spec Source/Bin/blk.qct_,176128,2014-10-17T01:26:56.000000+00:00,900ab4c99a37b532ea9ede5851854af4740d3514794790148052d61b457404ca
Spec Source/Bin/blk.wdt_,176128,2014-10-17T01:26:56.000000+00:00,900ab4c99a37b532ea9ede5851854af4740d3514794790148052d61b457404ca
Spec Source/Bin/DATA/20141029_测试.edt,57708544,2019-04-17T03:24:34.000000+00:00,00a10a003858697b964183a4be2ea6ca6ad770f77a9b8ca0586ac0162aff15d0
Spec Source/Bin/DATA/20141029_测试.qct,57708544,2019-04-17T03:26:12.000000+00:00,46fd673257e37ba182d309971c209575b182246d9934b5bac8355cf6125cfdd7
Spec Source/Bin/DATA/20141029_测试.wdt,57708544,2017-05-09T00:35:56.000000+00:00,1fe6c123c105f832cd8fb0f299bf6c2f19dff49cde81b7527a6885e14e8f5fde
Spec Source/Bin/DATA/模拟数据/280-288.acq,24579,2014-09-30T06:36:58.000000+00:00,ef130de0bde91cdb084333002207493380ad4b776fc2ce1c6960d19e0e164c0c
Spec Source/Bin/DATA/模拟数据/280-288.txt,423942,2014-09-30T06:36:58.000000+00:00,276510bda50ecc75afb0784b41e388b4817dbc60fb07adf5215350cf041e62e6
Spec Source/Bin/DATA/模拟数据/291-299.acq,24579,2014-09-30T06:36:58.000000+00:00,9ccf429c0b89e873711a400fba9267711f0287279c39593988a2ed4cb01294e2
Spec Source/Bin/DATA/模拟数据/291-299.txt,423942,2014-09-30T06:36:58.000000+00:00,e27f19204db405ebf06b2ce33f41a3d51ca1c75f8d886d55aec04f3915631196
Spec Source/Bin/DATA/模拟数据/303-310.acq,24579,2014-09-30T06:36:58.000000+00:00,b031f17cbc3c207a1213cba0abf351f3ccb011adcde8542e4ae9c85d322fd297
Spec Source/Bin/DATA/模拟数据/303-310.txt,423942,2014-09-30T06:36:58.000000+00:00,703f0d133d5ebbe80c1ce3b98e33daec1947f1433f0036b2825b23723097f987
Spec Source/Bin/DATA/模拟数据/Ccd首尾强度.doc,23040,2014-09-30T06:36:58.000000+00:00,e801b4265e9348ec30672383166e35c12976309a03de63c5024da8fbcfd155bb
Spec Source/Bin/DATA/模拟数据/Ccd首尾强度.txt,1283,2014-09-30T06:36:58.000000+00:00,d5f75c1210b962c03dc49015da31a538c4c192d346e861247e92b538dbc60dac
Spec Source/Bin/DATA/测试15-5-960.sam,9600,2017-05-20T08:36:20.000000+00:00,353a67ca7855cafaef62fac9c25f965d95624202e19cb03e06a8626e7b544be0
Spec Source/Bin/DATA/测试15-5.sam,1200,2026-05-29T02:29:36.000000+00:00,dcb9daac1b17d1ed33ae8fd35127faab17bbfd6fd7debde3b9e91e11e39a8626
Spec Source/Bin/DATA/测试15-5_20170509_[1-18].cdt,43491328,2017-05-10T09:08:08.000000+00:00,a45f5fd4b8c4ebd06eadb2bf11161b36a66a81d24a9234ff3ee47392f7cfbd54
Spec Source/Bin/DATA/测试15-5_20170509_[1-18].cmt,460529664,2019-04-17T03:25:56.000000+00:00,55553702185bfdb21007f8f94a15680a1147b1c318391adfb4736a6cbfd47270
Spec Source/Bin/DATA/测试15-5_20170509_[2-16].cdt,5578752,2017-05-21T13:18:46.000000+00:00,517d126dcf95099c7d0fa6543eba1e8471b6e7d342fbfa86fbcbd857011ed756
Spec Source/Bin/DATA/测试15-5_20170509_[2-16].cmt,50323456,2026-06-01T02:58:56.000000+00:00,db09294199d9f49ee2dfb7e17e9dd58f35048b742c06cea2caf93f4f1329f3aa
Spec Source/Bin/DATA/测试15-5_20170509_[2-16]_ASP.xls,201728,2026-06-01T02:55:52.000000+00:00,bd951883b2f977af1c790d7bc7e8ea115520584b599dfef5cad4eff5ee8f31ee
Spec Source/Bin/DATA/测试15-5_20170509_[2-16]_BSP.xls,214528,2026-05-31T09:53:12.000000+00:00,18fba445bd58698015956566a15d15566f50e3fea92c7bc1098a8ade83a0addd
Spec Source/Bin/DATA/测试15-5_20170509_[2-16]_SP.xls,214528,2026-06-01T02:59:42.000000+00:00,6c32e3a7c98b9af88b4901c62ed7625a45da1abd38a9a94e90f2fede785ca281
Spec Source/Bin/DATA/测试15-5_20170517_[1-18]ErrIndex.cmt,57696256,2026-05-29T02:49:06.000000+00:00,dc40bbebedc5f8905ef31e5c5257c27e69a8786a7e2922eae52c3fb91fdf8d6e
Spec Source/Bin/DATA/测试15-5_20170517_[1-18]ErrIndex_SP.xls,201728,2026-05-29T02:33:20.000000+00:00,732dde573ecf8f6f49363f3a0b0003e4408c77f3e6d73178cb3a7151d315f793
Spec Source/Bin/DATA/测试15-5_20180403_1227.pdt,11068,2018-04-03T04:27:26.000000+00:00,d5c5771531742e3a8e7bd21acf5acbbf4e84893e2f4d4079ffa6554db57cd8b4
Spec Source/Bin/DATA/测试15-5_20190421_1842.dat,2105,2019-04-21T10:42:46.000000+00:00,3ff051cb128730c24181119970f14cb8d96678c08cebcf732bc6ebab520af7fd
Spec Source/Bin/DATA/测试15-5_20190421_1842.pdt,11068,2019-04-21T10:42:18.000000+00:00,d13b3d74821ea04425a6989f67fb08a324dc41f5deb7a80544b612c119f2a534
Spec Source/Bin/DATA/测试15-5_20190421_1842.xls,10240,2026-05-22T01:08:44.000000+00:00,8295b59cbb7375946a149c7f2d61dd0ff48e5eb3a5f079bc20a0ba6d0b8e4ae3
Spec Source/Bin/DATA/测试15-5_20190421_1842/信息记录.txt,94566,2019-04-21T11:33:40.000000+00:00,526a08060694a53f59755fcb592aa918348483ba0a14daee2b6a3a9128c57fce
Spec Source/Bin/DATA/测试15-5_20190421_1842/测试15-5_20190421_1842.xls,10240,2019-04-21T10:46:10.000000+00:00,030ba07a91032dea73faa8480ea37f62d0010f0b0f2ca82e61b6071066c08629
Spec Source/Bin/DATA/测试15-5_20190421_1842/测试15-5_20190421_1842_P.xls,22528,2019-04-21T11:22:24.000000+00:00,a556b00b7dafbd039a871da9a3febef709187e1c8476659d6653a5df07dd8971
Spec Source/Bin/DATA/测试15-5_20190421_1842_P.xls,22528,2026-05-25T07:54:26.000000+00:00,38157a5fa9f7d45132a486571023b9b0f99e222ebfb282f1e0387e8ff42c00ab
Spec Source/Bin/DATA/测试15-5_20260529_0805.dat,2105,2026-05-29T00:06:14.000000+00:00,bb4b15f4de52a47f6aefcfe5f3f0ff660c38c94566676a915800822c7a4e0356
Spec Source/Bin/DATA/测试15-5_20260529_0805.pdt,11068,2026-05-29T00:05:56.000000+00:00,0ab4ccae7f04ca8d876e55dc3feb557ec6335ce0dbfcf360333ad186f898fd78
Spec Source/Bin/DATA/测试15-5_20260529_0805.xls,10240,2026-05-29T00:08:18.000000+00:00,10beca07d19639ae465c30cd015d83109f032c5fae34e6e4c8f0987402dafb75
Spec Source/Bin/DATA/测试15-5_20260529_0805_P.xls,22528,2026-05-29T00:08:06.000000+00:00,77ebe6ca4f00aa7bcc2abf171e444b534b309bcade3d5b01140c51d213790f94
Spec Source/Bin/DATA/测试15-5_20260531_1755.dat,2105,2026-05-31T09:56:52.000000+00:00,b7a6b0e6f808fc208d67bd36a8d7cd4493f501cc868a3b1d3718b188b98bbd93
Spec Source/Bin/DATA/测试15-5_20260531_1755.pdt,8143,2026-05-31T09:56:02.000000+00:00,355beb4f90e6b998f0b33e7e89a7346b7a0e5e62d2d3b70c67ad6ed27eaccd81
Spec Source/Bin/DATA/测试15-5_20260531_1755dat.xps,28877,2026-05-31T09:56:58.000000+00:00,65946c67543f82cfb8cb546dac59939595ecfc8fe319a14486ecc938fe72c440
Spec Source/Bin/DATA/测试15-5_20260531_1755pdt.xps,47815,2026-05-31T09:56:24.000000+00:00,947d513ee90a034c70dad93af2741ce20930dc738b2cccc970db201805eef8f1
Spec Source/Bin/DATA/生产用方法_20170526_1135.cmt,13471744,2017-06-05T06:56:42.000000+00:00,f4b29b1f341bd04a612948abc6a4ed2ff1c681864525e7b9180bf4b9741ea353
Spec Source/Bin/DATA/谱图示例.xps,90475,2018-09-27T00:41:48.000000+00:00,0515d5eb7581066e990fd91432c6f10086f3b314219bd07f07a0c7e69e585b63
Spec Source/Bin/DIRECT.CFG,144,2026-06-01T02:58:04.000000+00:00,6adb3fe9901cc8e5454bee157b4c5c0ad4eda3ae46f40356138a90853d6f1236
Spec Source/Bin/DIRECT.CFG.VIP,144,2026-05-31T09:50:30.000000+00:00,6adb3fe9901cc8e5454bee157b4c5c0ad4eda3ae46f40356138a90853d6f1236
Spec Source/Bin/DIRECT.CHM,725714,2017-07-04T03:10:16.000000+00:00,b1e3f2c82f0e74a2d6112f0ac7f0f02094c8459bf4db04d86fdb0ba911bea909
Spec Source/Bin/DIRECT.MTD,339968,2026-06-01T02:56:44.000000+00:00,527ae25c08dcf3afb8365b4177cf5d5b113eb417649b6803ad7de2f27c43f83d
Spec Source/Bin/DIRECT.MTD.OLD,327680,2017-05-26T01:56:08.000000+00:00,6069a7134364232f8b8a2e5a265ea32440997bca654492ba0b110a4d38c1f786
Spec Source/Bin/DIRECT.OPT,379,2026-05-31T09:21:32.000000+00:00,42d7258b5525dc7f4397a97aa229e488eecb149a4ef514c4fbd9876a70a09a79
Spec Source/Bin/DIRECT.OPT.CUS,332,2026-06-01T00:38:54.000000+00:00,03143565f2787654b1db3a50b758ef7d6bc5a61104f27d165a315f2128bba00c
Spec Source/Bin/DIRECT.OPT.VIP,395,2026-05-31T09:21:42.000000+00:00,3ceb8d73484687a2b83cfb64ceac6cdecfb8c0e68e5a04497b3501c624de63dc
Spec Source/Bin/DIRECT.~mtd,315392,2017-05-15T07:07:28.000000+00:00,afa926567443957bbe34cebae52ce6b3da59dc872adde2219c753608dca534f6
Spec Source/Bin/ELEMENTS.SYM,335,2010-05-04T11:38:20.000000+00:00,210766f44c751582b54ae79d13a4d6bbf19dd13717826524a03aa2fc097e56cb
Spec Source/Bin/PCOMM.DLL,57856,1998-10-19T05:41:34.000000+00:00,c33c6b173a93d93c2aa2ae7f4bc3cc64b137c1cc5cfdd19e9cd8f6cf090dfaca
Spec Source/Bin/SpecDirect.exe,7799808,2026-07-15T03:00:18.000000+00:00,1509eb86d4428dd3f5eaf1677d5e757672940e419c2e3e526e3923a8fdedcd2a
Spec Source/Bin/化验DIRECT.MTD,536576,2026-05-29T13:24:30.000000+00:00,f049c2012e276ff10f6b0ed040ee542b4f23827c5e950fa5ff8b22b957695ed5
Spec Source/Bin/方成DIRECT.MTD,512000,2019-11-08T03:50:36.000000+00:00,04a5e8212439deb4f7bc9e5526c568de0acad55c5b85d090edbf377b3c5b94c6
Spec Source/Dcu/ADODB_TLB.dcu,78094,2026-05-31T10:08:14.000000+00:00,6c4194376f762becee216f8b4e76b085247134ce9cfa98e481378cbaa1556e98
Spec Source/Dcu/avltree.dcu,7741,2026-05-31T10:08:14.000000+00:00,c5a2869e6d073263e76e32d15c3a42d979bbf6cf03cb2425421b35476fe494a8
Spec Source/Dcu/bmpfilt.dcu,81680,2026-05-31T10:08:12.000000+00:00,8816f039ec64a82ecd42fb2870f3c7217da445819134269d1d1ad912e824aeea
Spec Source/Dcu/cachestream.dcu,8830,2026-05-31T10:08:14.000000+00:00,a13c9960ba5203d0ea64c67b24ef6d8af41f39b197f0d853d72b014c535e45d3
Spec Source/Dcu/DmDatabase.dcu,3298,2026-05-31T10:08:14.000000+00:00,82b66a3d6529b24b572aeb416dc209f69e72a3afe404f8c2cead95b407dd020c
Spec Source/Dcu/DmResource.dcu,3127,2026-05-31T10:08:14.000000+00:00,e98f09462b3ae79b81e42fe1ff25fe02e54fc584ad56402ffd258d899b5eab45
Spec Source/Dcu/FmAbout.dcu,5722,2026-05-31T10:08:14.000000+00:00,09d005f7caf7c9fbefbe66b35219479b78c7ab93aacbc941bb5834e2ae0926a1
Spec Source/Dcu/FmAnaCheck.dcu,15831,2026-05-31T10:08:14.000000+00:00,6d3e019ad73deeededcce06d6c3391b8d887ad34b5b92ba6151dfda37a6a8408
Spec Source/Dcu/FmAnaCurve.dcu,63837,2026-05-31T10:08:14.000000+00:00,01328156ed5c9f86c47408b949d21f96be7671355f7c327fa5ab09526bbba7a8
Spec Source/Dcu/FmAnaPdt.dcu,36160,2026-05-31T10:08:14.000000+00:00,48b5a28be3fcab87522441b72cb959d02424fae27ad720ad8c164d141aa83546
Spec Source/Dcu/FmAnaProgress.dcu,5397,2026-05-31T10:08:14.000000+00:00,39a798a2e02de528c4b681b6da4351a14553919a1b6feb9a047cd47c4c414c96
Spec Source/Dcu/FmCfgSoftWare.dcu,7949,2026-05-31T10:08:14.000000+00:00,d0f9aa56578019b7acb54ca4777c62df5518846247550f4b762d6471a1c72691
Spec Source/Dcu/FmDebug.dcu,34778,2026-05-31T10:08:14.000000+00:00,1adfe79cca918d20a69823e01fcbaee310b97330d483a05a6ecc079153d33f86
Spec Source/Dcu/FmDockAware.dcu,7203,2026-05-31T10:08:12.000000+00:00,b9f33062e9c4390067e3b239785f81622fb56c1f31579565b7367b755a9ef0b8
Spec Source/Dcu/FmDockAwarePrepare.dcu,10509,2026-05-31T10:08:14.000000+00:00,576dc3c4852928e56e41d1def0e83f90749463241c1973271aba040a73164277
Spec Source/Dcu/FmDockAwareSam.dcu,18677,2026-05-31T10:08:14.000000+00:00,92bf50f5fd576315114c2b24f83d61f95072982a4ca94ca8c8a572bb72b446a8
Spec Source/Dcu/FmDockGuide.dcu,5650,2026-05-31T10:08:12.000000+00:00,12f344cc4c2fce0cc3731c7aa47d7b4011bf0ba5582e252977623ba1fb9deb78
Spec Source/Dcu/FmDockGuideIgnit.dcu,21998,2026-05-31T10:08:14.000000+00:00,0ccf462dc5dd96d615770c262ea7d4a997d6f8103b87dc3371a57842cf8afb23
Spec Source/Dcu/FmDockGuideLines.dcu,6517,2026-05-31T10:08:14.000000+00:00,c8846e15a313db487e7dfa51011084b6ad4f58c4a89c3fa9b400d330a9e04e7a
Spec Source/Dcu/FmExport.dcu,41307,2026-05-31T10:08:14.000000+00:00,4aab17d1f9981d5f7ace1b412853627024865979019b3deb9781e462c1e5864a
Spec Source/Dcu/FmHint.dcu,4434,2026-05-31T10:08:14.000000+00:00,40ce1e0c9ad3ac944f063b8f30ebc278b6d188bd85b070ce4c785f3b2990ac17
Spec Source/Dcu/FmIgnitCon.dcu,15907,2026-05-31T10:08:14.000000+00:00,66eca82d256693f2c7866489d9e4909a6e66a899d78e34360ed3fdb50c668cb8
Spec Source/Dcu/FmIgnitProgress.dcu,7349,2026-05-31T10:08:14.000000+00:00,ed05aa6e8a5dc68544658f2e885222e62b9a03351e559e1072839cf9f1f001a4
Spec Source/Dcu/FmImportPre.dcu,19960,2026-05-31T10:08:14.000000+00:00,9ec19b42b82a865bfac012a84aba4fe6983d1cc3da41d2b05ae62ad4f40a6bab
Spec Source/Dcu/FmInputQuery.dcu,6455,2026-05-31T10:08:14.000000+00:00,2553014b806b4b879e2e19e8a581d22f08203ff347421b91547c89c328a750b1
Spec Source/Dcu/FmMain.dcu,76470,2026-05-31T10:08:14.000000+00:00,64b1bcdd04fe4d96c0558dfde3ed6ab9395b6453e5293496a3a38f224c49874f
Spec Source/Dcu/FmMessage.dcu,9116,2026-05-31T10:08:14.000000+00:00,371a3399ce179d95ec3f49a5ca6110dffb096ec2e931e47a5ff28dbe52c6dc98
Spec Source/Dcu/FmMtdBackup.dcu,8474,2026-05-31T10:08:14.000000+00:00,5eafc2e2e224730eb66784c876d9909bb75b5f30b2a76a3fb95f7da74650ce76
Spec Source/Dcu/FmMtdCfg.dcu,25212,2026-05-31T10:08:14.000000+00:00,9774a992c4d22cff7bcbd93590c8c28acd714543c50d9f7732e02e08840de76d
Spec Source/Dcu/FmMtdLines.dcu,60687,2026-05-31T10:08:14.000000+00:00,e8041dfd9d56ac72e8a35ccd4d130cb7e3376fdd9773396ca52b28c4a4888275
Spec Source/Dcu/FmMtdLinesAdd.dcu,11276,2026-05-31T10:08:14.000000+00:00,3558c1235b425762e14bfdc3e8696b0fefe1f258fa2de527d2bfa48f0a69f29f
Spec Source/Dcu/FmMtdManage.dcu,10634,2026-05-31T10:08:14.000000+00:00,5449896d3a9f34712f785a4c6273a8d01055114518c19b1bc179bca5df97e3f4
Spec Source/Dcu/FmMtdPrint.dcu,13757,2026-05-31T10:08:14.000000+00:00,cb5e12d465bb7c3fb7aaa1d4790176991d0c5844107063e449c8f643f75425c6
Spec Source/Dcu/FmOptHardWare.dcu,12972,2026-05-31T10:08:14.000000+00:00,6449a2f0bb2723ffa77c3d3d78e4f955f6e8f9a39ae356664832cdfa2282fc5d
Spec Source/Dcu/FmPageSetup.dcu,8696,2026-05-31T10:08:14.000000+00:00,206fd4fe493cf4fe35016944dca6ee69161048222d8681c6c27c17a6c2963465
Spec Source/Dcu/FmPrintCcd.dcu,13110,2026-05-31T10:08:14.000000+00:00,57ea604eafa353532b7e7e1a274b4fb77f92b56079405e18aac4a25b97a5413c
Spec Source/Dcu/FmPrintDat.dcu,10526,2026-05-31T10:08:14.000000+00:00,b9fdcd0f9ab7be10259fb8b28a63f27ebb96b6ce84c28a58a7aef7258e50a5f0
Spec Source/Dcu/FmSampInput.dcu,25579,2026-05-31T10:08:14.000000+00:00,16fb01c143ee2d44675b9f4dde482eb4bba896d515d794eee3da92410a1a8929
Spec Source/Dcu/FmSampView.dcu,6657,2026-05-31T10:08:14.000000+00:00,2ebf88f9a0f738f9bb4a19c963266ee53a5b6f6984c8082389837d43da785247
Spec Source/Dcu/FmSelect.dcu,12117,2026-05-31T10:08:14.000000+00:00,9f61a6a3a2ba1eaa7b2795e290c368d91c65650d6ccf9298892b481d07004103
Spec Source/Dcu/FmView.dcu,80836,2026-05-31T10:08:14.000000+00:00,53396fb4fd0f90b116406c184a8d5d452c0f27da99fd1b18a60a570d1b55d820
Spec Source/Dcu/FmViewDetail.dcu,12183,2026-05-31T10:08:14.000000+00:00,858aa48bf0593f83619094ab9a956d2e3fdb408a625cb495bf58672094e39a19
Spec Source/Dcu/FmViewMulti.dcu,12095,2026-05-31T10:08:14.000000+00:00,de6c4bb58f285fa8ac7260047cb0e02e4d4275d8a94ef5111042a7b8835ec559
Spec Source/Dcu/FmViewSingle.dcu,54923,2026-05-31T10:08:14.000000+00:00,868ce8a5d66c1e9fff076841be6feecab075ddf45331d026fe5edc691b7e1125
Spec Source/Dcu/FmWstc.dcu,20207,2026-05-31T10:08:14.000000+00:00,6899f149e1039570235e0bf4eb332697bcda7f5cf787680bac9e2e96c8db8163
Spec Source/Dcu/formula.dcu,77189,2026-05-31T10:08:14.000000+00:00,4e34c801c9c24a5e0f4dcd147573ea1c7d75a6a8bd4ac3af59915ef94cdb42e0
Spec Source/Dcu/GIFFilter.dcu,19182,2026-05-31T10:08:12.000000+00:00,b9fd724a439c615e4273a039b08d48f890681722505897e962f62e96ace73c8e
Spec Source/Dcu/giflzw.dcu,12757,2026-05-31T10:08:12.000000+00:00,f6d2b48f55cf47c90906c698f8d1f1ceea8b4903e17d37cfb06c24cb2f85f923
Spec Source/Dcu/HistogramBox.dcu,16795,2026-05-31T10:08:12.000000+00:00,4aa0cdd9e3ea25439b82808b7729b1af7202591efb326975dcaf4454669c9ec1
Spec Source/Dcu/HSVBox.dcu,15048,2026-05-31T10:08:12.000000+00:00,e09d28e96e3d6ad54f8040ebcb5b22513b5100751c2f3c53b43c605994268a5b
Spec Source/Dcu/hyiedefs.dcu,139248,2026-05-31T10:08:14.000000+00:00,89b1e29e41aa419f61631ac7c3acd4e723f28abd313b303ec1b96d53f7ba6571
Spec Source/Dcu/hyieutils.dcu,705376,2026-05-31T10:08:14.000000+00:00,5683dd04e933e4a00879108e9e8c6ae8a15f4acff9f2e67ae5054e56401f140a
Spec Source/Dcu/ieanimation.dcu,33751,2026-05-31T10:08:12.000000+00:00,4e59ae5d262742b2cf4e13f77b0ace82ae8a1bfec1e15e441c3fbfd369dc9f14
Spec Source/Dcu/iedicom.dcu,63756,2026-05-31T10:08:12.000000+00:00,162403d6f1010c05f761d318ed18e2f832d44b868d38b3e36b7f1e09d5c72bee
Spec Source/Dcu/ieds.dcu,113493,2026-05-31T10:08:12.000000+00:00,e6d38de53013101a42e8e2557ab96fe7249d5c365b09ba9a9087c8d3d08b2284
Spec Source/Dcu/iefft.dcu,18364,2026-05-31T10:08:14.000000+00:00,1e716305678ab790ab59eef25d4e318ef575eaec8361f507ff57716312f98a66
Spec Source/Dcu/iegdiplus.dcu,34292,2026-05-31T10:08:14.000000+00:00,034fd049dfe7117e5592e1eda01a58aed569addef99da1557e2f61892d8de633
Spec Source/Dcu/iej2000.dcu,196449,2026-05-31T10:08:12.000000+00:00,61b4e417704e090df0508b4961b20460e02f5cc84724c3bf4da5b3bc59906cef
Spec Source/Dcu/ielcms.dcu,269,2026-05-31T10:08:12.000000+00:00,0880f4202e65d287ceeb68797cb71c6a20ffb5fd9820ef7a804a5f24957e22e0
Spec Source/Dcu/iemio.dcu,75995,2026-05-31T10:08:12.000000+00:00,4fd647145b33cbd1f1f48fb33efe77c0a5731e34a81b65222d07b8314a091500
Spec Source/Dcu/iemiscplugins.dcu,40241,2026-05-31T10:08:12.000000+00:00,4796f7937af2776122db54ece653715c51c3772d94cb29814fa9b55b55cd8a2c
Spec Source/Dcu/iemmf.dcu,100627,2026-05-31T10:08:12.000000+00:00,dac6310e309eeacd95218ed0c1a58b970ce79ece4abd7bc9c487cbd75f692352
Spec Source/Dcu/iemview.dcu,201048,2026-05-31T10:08:12.000000+00:00,c956ba9083e6a96ba9aeb8b2a85c08610a049fcae970a55198dfb931f734efe9
Spec Source/Dcu/IEOpenSaveDlg.dcu,69513,2026-05-31T10:08:12.000000+00:00,2687351a319028861a4a2f443a3556b7e0a7eb4d0fa2f0262572d143b680fd7d
Spec Source/Dcu/iepresetim.dcu,17505,2026-05-31T10:08:12.000000+00:00,132f1ba8d555ed0e5ab039776b784138ccd4eabcc60b9fbd5c9437daa290a3e1
Spec Source/Dcu/ieprnform1.dcu,22794,2026-05-31T10:08:12.000000+00:00,662490b2d07b48de94cbe30a1c4efc7f2ae3aea5c42816d154bdae1a6dc66307
Spec Source/Dcu/ieprnform2.dcu,26266,2026-05-31T10:08:12.000000+00:00,c74a9ca210f75fae42c0ce5d37abfd32c8875de8453b2224281beec3bc0380c2
Spec Source/Dcu/ieprnform3.dcu,36918,2026-05-31T10:08:12.000000+00:00,fd45a12f9022a3dd62c5a3f93f9313e78c01acdf9163ecbf2a625b15f8952ebd
Spec Source/Dcu/iepsd.dcu,33536,2026-05-31T10:08:12.000000+00:00,e20d61d0c2d4009968b0b19235d49b7a13f55227f6a7638e1b7dfa19668b7647
Spec Source/Dcu/ieraw.dcu,94823,2026-05-31T10:08:12.000000+00:00,a5f4ff5067a65d1ede3d7f7b0a8f7d21f2100faee8c94e416cdd9dacd812f6ab
Spec Source/Dcu/iesettings.dcu,17398,2026-05-31T10:08:12.000000+00:00,83fe1a8a08ccb27fe596cec262b6248aaa4ee0c0f6655137ced5800eaceba563
Spec Source/Dcu/ietextc.dcu,42480,2026-05-31T10:08:12.000000+00:00,94fdb53b89a8ec392ebf8424df6775d6a93c590f0d2aee70aa28fff574ad51a5
Spec Source/Dcu/ietgafil.dcu,18054,2026-05-31T10:08:12.000000+00:00,62b2baccdf3e83f87be56456f77553827f41a2034d65ef689edcd089a8a66843
Spec Source/Dcu/ieTwain.dcu,51096,2026-05-31T10:08:12.000000+00:00,cdb3ae70b844ddc13384170d6cc68347ce9491b3eb8697ca9366c1a8b8b64f3e
Spec Source/Dcu/ievect.dcu,238864,2026-05-31T10:08:12.000000+00:00,db52c4455f5e06e7c944eda6e016aacc6d59b4693d96ca269ee3c1d7f2806c28
Spec Source/Dcu/IEVfw.dcu,21604,2026-05-31T10:08:12.000000+00:00,0767bf05b5a11310ac898f2bb58a9d8b1b0fc4f2e2d9d67a547527b5d29de70a
Spec Source/Dcu/ieview.dcu,11462,2026-05-31T10:08:14.000000+00:00,6d2ac23daf2a7ac3b01d5ca79095266a84bace43e1e448aa2a6b4f19b265c03f
Spec Source/Dcu/ievision.dcu,104052,2026-05-31T10:08:12.000000+00:00,b485f3b1bd02588d14706bcf34977b4e8cf1add2ddeb5dff1f6e8b1bedae0f1f
Spec Source/Dcu/ieWIA.dcu,69641,2026-05-31T10:08:12.000000+00:00,58d4f82c0aa4138c5b778230ebb101e9a76df17be1d900a218f184977c50686d
Spec Source/Dcu/iewic.dcu,30657,2026-05-31T10:08:12.000000+00:00,367a1a8c63dbfd9c94a449b5678362114074e7a80c566c09b408611c825fd2fc
Spec Source/Dcu/iewords.dcu,683219,2026-05-31T10:08:14.000000+00:00,1e266780765beddd4d64fa1e58943cb087e8df7cd1a1902babcd4219845dc36f
Spec Source/Dcu/iexAcquire.dcu,36717,2026-05-31T10:08:12.000000+00:00,5e1636a9c805226369a7e02907e18e6d10936ac2cca7ff193ef8b3b0639f80fd
Spec Source/Dcu/iexAcquireForm.dcu,9004,2026-05-31T10:08:12.000000+00:00,1d20ef22528256443f82ec5757b23dd9cfd42a4c9500154706b961801504de2e
Spec Source/Dcu/iexCanvasUtils.dcu,21612,2026-05-31T10:08:14.000000+00:00,4d437aec1c026e2dae16789c788fe48189a78092051cacab0ff0c47f287e39c3
Spec Source/Dcu/iexDCIM.dcu,12621,2026-05-31T10:08:12.000000+00:00,7b9ce29f3ab1f5261e99abedfff15248d40667b066ae03f8c659608988d83085
Spec Source/Dcu/iexDicomRoutines.dcu,224535,2026-05-31T10:08:14.000000+00:00,174e44285970f262bfb5bdef6efa9a7f96842dee4306b3f5903f4b5f29e5476d
Spec Source/Dcu/iexHelperFunctions.dcu,39310,2026-05-31T10:08:14.000000+00:00,fc036f08c7f67796b570b35c2182179b05045327b9e0277cb68a35ed62ffa64c
Spec Source/Dcu/iexShellThumbnails.dcu,6702,2026-05-31T10:08:12.000000+00:00,bcc784b32a3e8f87a2d2d61abea5d7a3b9d76f864ee5183741e6f2be422ace0a
Spec Source/Dcu/iexTransitions.dcu,177212,2026-05-31T10:08:14.000000+00:00,f01f1703bffbe4260f696a13789c26f29085ee479072ab6f868b596dabd7f7a9
Spec Source/Dcu/iezlib.dcu,67502,2026-05-31T10:08:12.000000+00:00,aa4151d48facc55f0db39e185d674e3795947178baf59393d3eed9f5337bcf79
Spec Source/Dcu/ImageEn.dcu,6312,2026-05-31T10:08:12.000000+00:00,c78774a5be7c1f7be81376254f00d27c1401e4391b3c82dcc4f95bfd34e521ec
Spec Source/Dcu/imageenio.dcu,422902,2026-05-31T10:08:12.000000+00:00,14ef3e3eff5d092c23cbdd589ce27fed5e4502f0a8467fdc0f8874e4faff64a2
Spec Source/Dcu/imageenproc.dcu,477757,2026-05-31T10:08:12.000000+00:00,3ac10548cca802c79b8859c62d5860506a60d92701a2154789457d2fa27fb227
Spec Source/Dcu/imageenview.dcu,267195,2026-05-31T10:08:12.000000+00:00,0552bb58581ec88313e35b8a58315ab1f5e3a5f175a170fb1710a84afc1214e4
Spec Source/Dcu/ImgBtn.dcu,5996,2026-05-31T10:08:14.000000+00:00,6300123364f4a9e69dc776ca832310f576faf9826a9a9641533ddb57b815f0d6
Spec Source/Dcu/imscan.dcu,66433,2026-05-31T10:08:12.000000+00:00,36ef00a5e586859855c5a70cb5f5b5fa5f2a5dcf819de404ac8788fc428153ac
Spec Source/Dcu/iopreviews.dcu,65714,2026-05-31T10:08:12.000000+00:00,d70b76157ba43634ccfab5852c5d6cbfab7514865a56b42aa1f5acd4ad42688f
Spec Source/Dcu/jpegfilt.dcu,162867,2026-05-31T10:08:12.000000+00:00,93e96321ffb28f048d0626809ad1ff2c3341064d95361ad3e401301d7d59e6e8
Spec Source/Dcu/JRO_TLB.dcu,24181,2026-05-31T10:08:14.000000+00:00,e938e970265ff08ef898d4cc74f972bfce950f6cac0c8cf53f3176c883719e0b
Spec Source/Dcu/neurquant.dcu,10326,2026-05-31T10:08:12.000000+00:00,a1d6d43edc7e7a348cf986ff9fd1595a0144033e84873475e089a3447cd124a2
Spec Source/Dcu/nExcel.dcu,345311,2026-05-31T10:08:14.000000+00:00,4c802cc6841f0c82b657cd26f0f27b9513e50330cab4fcb79064e0c05283657b
Spec Source/Dcu/Ole.dcu,14733,2026-05-31T10:08:14.000000+00:00,dc8b00ad17376d428346bffd320bac57b7832477cf130859e549c35ac408f2b4
Spec Source/Dcu/PCOMM.dcu,6718,2026-05-31T10:08:12.000000+00:00,cb1d3977d76225161a07bda7093bf7ff4ab51b21b42a4d3d8f4fd31fc4b347eb
Spec Source/Dcu/pcxfilter.dcu,10930,2026-05-31T10:08:12.000000+00:00,166e6b1bbad293bdcbc87cd1faf06f3528333e164465445526d9c8bbf10b5b1f
Spec Source/Dcu/pngfilt.dcu,93583,2026-05-31T10:08:12.000000+00:00,e85e491356a2ef84d163fdcdeb1373e990dd78c18fc1e711b968b4ba5d56916e
Spec Source/Dcu/pngfiltw.dcu,67145,2026-05-31T10:08:12.000000+00:00,49b25b2da151a18a0bd5ccc18178ddf62ab6c7f309b810e84c2bcb1f18227d35
Spec Source/Dcu/Previews.dcu,91456,2026-05-31T10:08:12.000000+00:00,69250fdff093a41c230afe2021207e90b7552534731e5845ddd4d919a2b525b7
Spec Source/Dcu/RulerBox.dcu,31020,2026-05-31T10:08:12.000000+00:00,02da62503330f96988fb0c4449e53ab2da7cec017ebcee896021178a2320bd23
Spec Source/Dcu/stdquant.dcu,8034,2026-05-31T10:08:12.000000+00:00,f8d45c3e0e3a2952525af52f2724777006ec436b80c4f0114d70c8fbe87a1d37
Spec Source/Dcu/tifccitt.dcu,13690,2026-05-31T10:08:12.000000+00:00,e846241c2c6462bf2c13d75ab64a40e597ffe253394f1bcf1f528f723004e8db
Spec Source/Dcu/TIFFilt.dcu,92310,2026-05-31T10:08:12.000000+00:00,3a12455e6c61f39adb98b465ca86ad152f0a63258c8ba36f0e2a2c5412065177
Spec Source/Dcu/tiflzw.dcu,7507,2026-05-31T10:08:12.000000+00:00,8552bcea862b743fa58c911307900e2d95683cf72f6cbfdaee396a95df48c0eb
Spec Source/Dcu/uAnaBtn.dcu,33910,2026-05-31T10:08:14.000000+00:00,7ac989adb4e55cccfdbfad48a85e804f5792adf8a7c624f4df0d5921f8108622
Spec Source/Dcu/uAnaLine.dcu,68802,2026-05-31T10:08:14.000000+00:00,a21303eca7c9f5645ef7d1fd7b44f5c4d20f20cb8b71cfee12b0cf1bcd345f14
Spec Source/Dcu/uAnaThread.dcu,11577,2026-05-31T10:08:14.000000+00:00,f0effddfa3c6699eaa44d677009eca0bd76bcf26c93c029fc508e62ea220910e
Spec Source/Dcu/uCcdBand.dcu,65429,2026-05-31T10:08:12.000000+00:00,4212b2f46817d416191340f133fadd4a0d654c244f7650a968665c3b87fa2dc9
Spec Source/Dcu/uCcdBandSet.dcu,31474,2026-05-31T10:08:14.000000+00:00,92bbc2cad52e7ffd8bd67003b34e2a610a9377b3907dc3cc0156edacc551c706
Spec Source/Dcu/uCcdThread.dcu,15224,2026-05-31T10:08:14.000000+00:00,e90b51620ad661b3cff81bcc1df645a8878f44324b897e26e6eee6aa85c0f63d
Spec Source/Dcu/uCmtBandObs.dcu,54557,2026-05-31T10:08:14.000000+00:00,84da7f034080e75bea91c0f866b6f58568528b8f2e005017d5d775824c4e8ee2
Spec Source/Dcu/uConfigs.dcu,4837,2026-05-31T10:08:14.000000+00:00,c22eaa106864d985a1f646493930f5177ce3ccfca4e8b19fd06a995c53afcc62
Spec Source/Dcu/uDbPack.dcu,97541,2026-05-31T10:08:14.000000+00:00,57f91253ee95384924ea622fe4cc3262f6126717ac24d4cb403b5ff52e37a310
Spec Source/Dcu/uExport.dcu,43647,2026-05-31T10:08:14.000000+00:00,4abe55cb96a9a6ed1a025383d67d4107242d73c64629b087ee2ea2761e2be36b
Spec Source/Dcu/uFitMode.dcu,10708,2026-05-31T10:08:14.000000+00:00,6372f26c66f8160d42efdf0ea57740f3c96b631262aa1a9a29f4dcd96fbf9f8a
Spec Source/Dcu/uGlobal.dcu,13654,2026-05-31T10:08:12.000000+00:00,ba6ed9e64b05bb0dbd39014a746b9e29a1e3d75fe76425a1d63d5e6b0cfe4bd8
Spec Source/Dcu/uGraphic.dcu,1610,2026-05-31T10:08:14.000000+00:00,9bb8e92e4d560a0e781a3f73a49774742107204d649dac0d63b0abeebbec1c33
Spec Source/Dcu/uMethod.dcu,26428,2026-05-31T10:08:14.000000+00:00,e2e06f69218c12b11ca85c34193d6cdbbadd4b32880e4c98a1bdf6aafe597f12
Spec Source/Dcu/uMethodMap.dcu,64771,2026-05-31T10:08:14.000000+00:00,b7e0f043e2d5a75f1746ef0be1b74c13ca05b359dbf8afe71b9d7f441b656a80
Spec Source/Dcu/UniqueInstanceUnit.dcu,2298,2026-05-31T10:08:14.000000+00:00,2b2d8b1985513ef0da4f8fbcbf65827f8fc49bb0ec85752c930c2d804654302b
Spec Source/Dcu/uOptions.dcu,10844,2026-05-31T10:26:18.000000+00:00,c7f00be86dc4036e552dcdeba5fc3b445c79e9bb4967744186f0dc2821a2f7c2
Spec Source/Dcu/uPeakMode.dcu,3090,2026-05-31T10:08:14.000000+00:00,d6634f216e4c3c8a22413ead50432d609913dd27a86fea81631b9d9331d9d49b
Spec Source/Dcu/uPrinter.dcu,14373,2026-05-31T10:08:14.000000+00:00,9eb714d1101fab4873d8fcbfdfaace9bd1f587481b7f762ecf1532a62345eabb
Spec Source/Dcu/uSioLink.dcu,8051,2026-05-31T10:08:12.000000+00:00,5750ab28fc6e7892e953da001cefe5ee2aa46cd9e7ec7d9a65d46b414056b4fc
Spec Source/Dcu/uXlsMatrix.dcu,4292,2021-05-28T07:45:28.000000+00:00,f827ad835cfe7023b19e994186e86f21d5196cff0f785a13e5d6df5522b2716c
Spec Source/Dcu/uZoom.dcu,1147,2026-05-31T10:08:14.000000+00:00,678cf926b76176be40ef87c676f5d7ac9e2ce538e35c6c41cc388d9be967cb54
Spec Source/Dcu/wstream.dcu,1855,2026-05-31T10:08:14.000000+00:00,76fde97c82f65bad02f63961c23cfb5dca0942d8c463eacf5bb615df673a0ebe
Spec Source/Dcu/xlsafilt.dcu,20185,2026-05-31T10:08:14.000000+00:00,f76d25f560c23ecf4b09518c257a66b34eb1e4f896a04d41d6b8f727b9ee790c
Spec Source/Dcu/xlsafit.dcu,15066,2026-05-31T10:08:14.000000+00:00,3ee30279eec53eb5f4834309223cc3fcd38b37b671edfb8b498738c6c9dc32f9
Spec Source/Dcu/xlsBlob.dcu,27874,2026-05-31T10:08:14.000000+00:00,fb5be7a5aa6bbfc48a112c29656b12d17ba3ac60218feee778f4a9cef2d24890
Spec Source/Dcu/xlsCalc.dcu,93674,2026-05-31T10:08:14.000000+00:00,4bec26118fc62ce11f2191b309dd9baad3539d12af287818121d34c6af06bb83
Spec Source/Dcu/xlscf.dcu,18323,2026-05-31T10:08:14.000000+00:00,c14a070538d0d882151415d9bd66ea1d38d63d3097d634f06e1bbd635b4fd86d
Spec Source/Dcu/xlschart.dcu,5910,2026-05-31T10:08:14.000000+00:00,4fa4f77c878d543da3ac3f1137df2089dd1dd530f20db45e25ef30aeabc690d8
Spec Source/Dcu/xlscols.dcu,19096,2026-05-31T10:08:14.000000+00:00,5373fe05667cf2b97ec39de99f9a1e298d7ac151d203d53fe6863d191c17a074
Spec Source/Dcu/xlscrypt.dcu,9200,2026-05-31T10:08:14.000000+00:00,5db1856e4ec5a342b2e093c1f667405ceeeca3465faa19d2a50dc713be3d8368
Spec Source/Dcu/xlscsv.dcu,8818,2026-05-31T10:08:14.000000+00:00,4f9570f4654285b7dcb858633fff65b716d4ed78fb3627a865800a533b9d32c6
Spec Source/Dcu/xlsdbcell.dcu,6097,2026-05-31T10:08:14.000000+00:00,50b97dce80b7de55ad1444709c36f8dce3821739ce18fc4831c749770156022d
Spec Source/Dcu/xlsdrw.dcu,32646,2026-05-31T10:08:14.000000+00:00,41d9e6311338fccb55c7ac78eaa87048ede4e2705c40eb14cbdbaa684404d9fa
Spec Source/Dcu/xlsdrwtp.dcu,937,2026-05-31T10:08:14.000000+00:00,959b6b0bfba0ecf075ac388cfe052d4dba8404c0d1ea66d62d59fdc704fa7df5
Spec Source/Dcu/xlsdv.dcu,20443,2026-05-31T10:08:14.000000+00:00,b99e3c01388c58500743e91a85505f4e10f09051b34d0c37024b15ca471e7fb4
Spec Source/Dcu/xlsemf.dcu,7318,2026-05-31T10:08:14.000000+00:00,94cb4f0ae8ea4fdb005c642164a2c8e7085f22c587cb2875d3012aa72a7f9ae3
Spec Source/Dcu/xlsescher.dcu,141093,2026-05-31T10:08:14.000000+00:00,97f1327f41b3bab1d1f67dd16a12d2f07fe7c1ac65d2883cffa07c9a104e9fba
Spec Source/Dcu/xlsExtern.dcu,34416,2026-05-31T10:08:14.000000+00:00,c61e8fd45e4c6a8cd4289cb114d15b7f3482d42d3a8e04e048d8d75e69cd5e32
Spec Source/Dcu/xlsfrmt.dcu,14251,2026-05-31T10:08:14.000000+00:00,eecd7e1213b627012947226e90ffc871cfb856172b3f782d695ecc7cd2129638
Spec Source/Dcu/xlsHash.dcu,27238,2026-05-31T10:08:14.000000+00:00,d08c97a00f21d72321d37f8bf4af97e5199653e69769d7bedcfc251275b8e609
Spec Source/Dcu/xlshashtable.dcu,12597,2026-05-31T10:08:14.000000+00:00,4f4e9a5471803aa3d6a617ac571e2b3baeeeb18aaee269187155d57d6c3eeb77
Spec Source/Dcu/xlshtml.dcu,21824,2026-05-31T10:08:14.000000+00:00,f8eeb2dd1f0c76010a8ea727eb809ee6206a9ab21c7deb9bd63610671a74ad07
Spec Source/Dcu/xlshyper.dcu,20162,2026-05-31T10:08:14.000000+00:00,6b03616e5686bd8d647a5276f06a2931efa941f4a1c656c77d7537dc90c5ddf5
Spec Source/Dcu/xlsimg.dcu,4332,2026-05-31T10:08:14.000000+00:00,6004c40c572349c208baf2ee1a06a6026b0709f42326772edcd76d9e938ccf81
Spec Source/Dcu/xlslist.dcu,13318,2026-05-31T10:08:14.000000+00:00,5138397a526af12e289112609b45c03660626fdd051add08021b6a0cacf243e3
Spec Source/Dcu/xlslist2.dcu,9777,2026-05-31T10:08:14.000000+00:00,1313d17b7fb24af8bebc96caea0aadb0662eef8572740cf8c5aecb6022bce764
Spec Source/Dcu/xlsmasks.dcu,6709,2026-05-31T10:08:14.000000+00:00,bf339739a2a9acb06cca046b317d1a1bea2fecb4167aa7d3feeb3d5883e8702f
Spec Source/Dcu/xlsmd4.dcu,4440,2026-05-31T10:08:14.000000+00:00,7d9c398c10259fd39980643a76ba04a7839d83bd7e37cb1b3f33967f63f87a03
Spec Source/Dcu/xlsmd5.dcu,5918,2026-05-31T10:08:14.000000+00:00,c9a7e44a9bf6d4f627af090605ad5fe603c17c10566f6eb6051fb8ffc1c9fa88
Spec Source/Dcu/xlsnames.dcu,25611,2026-05-31T10:08:14.000000+00:00,5943247f49ddac5576f52460f901398c41dc542af5feace63851863420447c13
Spec Source/Dcu/xlsrc4.dcu,2859,2026-05-31T10:08:14.000000+00:00,092a3bf7e0d4a5ce335c40737288ba2d92707123634c2d1bd83d68253812ac51
Spec Source/Dcu/xlsread.dcu,54881,2026-05-31T10:08:14.000000+00:00,845d1ae6fe142630b0f502abd54489809dee021bcfba010f381967e49d540617
Spec Source/Dcu/xlsrgb.dcu,2208,2026-05-31T10:08:14.000000+00:00,e698375acdd76088bfa46731f440b92af6e7cd8e57288de72cec8b4041049374
Spec Source/Dcu/xlsrows.dcu,20924,2026-05-31T10:08:14.000000+00:00,10890cf699ebb8d4c9c9a1f6ae0fac2084aa91af4d64b5fe04380249b5257b33
Spec Source/Dcu/xlsrtf.dcu,30858,2026-05-31T10:08:14.000000+00:00,e56aae54c840fd580e8f2eeecd4d8e0001b20eaaecd62d74115d8120830b54be
Spec Source/Dcu/xlssst.dcu,14515,2026-05-31T10:08:14.000000+00:00,12429b49f46a0e0f591eac7cd5a6e60ef9f2072b9a59bf9de72259bbbcf3822b
Spec Source/Dcu/xlsstrb.dcu,6969,2026-05-31T10:08:14.000000+00:00,1dec29268f831eaf91a532ca20011e676fcff0ed3f952c4c2c1f6cbffbc0bb1b
Spec Source/Dcu/xlsstrm.dcu,8750,2026-05-31T10:08:14.000000+00:00,5d1c4e7043dc8f1b8126911f05c6cb360b27b280ef0930a13d46848f95d8fdd4
Spec Source/Dcu/xlsstyleborder.dcu,42997,2026-05-31T10:08:14.000000+00:00,ffe9b8fac32d09e9992280c6cbfb909848fc05b2f1d95ac7ea5eaa069e5cdf12
Spec Source/Dcu/xlsstylecolor.dcu,19680,2026-05-31T10:08:14.000000+00:00,07caabb1b5deccf25735900efa21ad7626c292410f6d5e7762c5d959ca2bfde1
Spec Source/Dcu/xlsstylefill.dcu,14435,2026-05-31T10:08:14.000000+00:00,a69292f1d441900de02c2673e07faccc91f1fc4754f1b5ba5c14cca06495b6c4
Spec Source/Dcu/xlsstylefont.dcu,24082,2026-05-31T10:08:14.000000+00:00,e70d65c969b14d0821d5b39b959bd63c51e0b3e0b118749c5c46eeb2a2d098b4
Spec Source/Dcu/xlsstylexf.dcu,79515,2026-05-31T10:08:14.000000+00:00,b5ca2c5517166a5d71cfcd459071bba3ee5bdb69af0a1d384bc3aa2c4dcffdad
Spec Source/Dcu/XlsToDatMain.dcu,9999,2021-05-28T07:45:28.000000+00:00,e90d7f30ad840762c5ed8fbf23386b18f2fffdbb9eea57e678da8a3203b9e5c3
Spec Source/Dcu/XlsToPdttMain.dcu,10848,2021-05-28T07:45:28.000000+00:00,48d1ccb7185ab4905f534cb5d21c90387a1495029bd7d7aa1f9575647152f7fb
Spec Source/Dcu/xlsvba.dcu,8401,2026-05-31T10:08:14.000000+00:00,8b2459e42be49de522a4a615192920206e9d68b927e3885f2bc94beb59c29b41
Spec Source/Dcu/xlsvbar.dcu,11940,2026-05-31T10:08:14.000000+00:00,60f92038a18f649b277ad63513bdee9efb6df6c2287ee33e90f3000721d59195
Spec Source/Dcu/xlsxfrw.dcu,12261,2026-05-31T10:08:14.000000+00:00,8bfae5cf31cadfde14a27119ebbacc37e0245214cce08d8878bb21f4c16c35df
Spec Source/Dcu/xlsxread.dcu,74851,2026-05-31T10:08:14.000000+00:00,a9031662eb0ff3cafdaab153c04e11cde6d6c71a79f711fe6d61b039f30f0d87
Spec Source/Dcu/xlsxrelations.dcu,8414,2026-05-31T10:08:14.000000+00:00,72575bddf6861db1ed69a90d885e0cfd8b41068759ce9b454122250d7d482669
Spec Source/Dcu/xlsxwrite.dcu,71325,2026-05-31T10:08:14.000000+00:00,26d8832882d0a0be4fcd07b2c1d12a75a1aa0326bf59b662a39b50d4f71e8beb
Spec Source/Dcu/xmlreader.dcu,31180,2026-05-31T10:08:14.000000+00:00,538ccd64589d089a7f81f6d110b4c282289cd1d0e9c794d0a058f128085aef04
Spec Source/Dcu/xmlwriter.dcu,19434,2026-05-31T10:08:14.000000+00:00,7f4a412b2dc2fb51eee5acaaba1d0d8c59c5807f7c49dfb12af0e7488511fee2
Spec Source/Dcu/ziparchive.dcu,44189,2026-05-31T10:08:14.000000+00:00,7319846275ed82d048a01f9e9754d4f3332ff1c24d7a4346b475f9d5a118e67c
Spec Source/Dcu/zlib_adler32.dcu,3994,2026-05-31T10:08:14.000000+00:00,2ca12b58b1e83781f96e1f30f77c6e3084f4232adf5b06e1c4b26a5a21e6a851
Spec Source/Dcu/zlib_code.dcu,19370,2026-05-31T10:08:14.000000+00:00,1876b050412b509494fc38d4554f7e1c77f18cdec7ae4f6e41d693bb137a763a
Spec Source/Dcu/zlib_config.dcu,1637,2026-05-31T10:08:14.000000+00:00,cf94eba58b5ca7dca130bec445afc9307dfe1ef144e6454b8ce40646e115de05
Spec Source/Dcu/zlib_const.dcu,18180,2026-05-31T10:08:14.000000+00:00,fbc654d19c711ec2c617f3f8892d140d42da30afeeea99e3e0514037234437b2
Spec Source/Dcu/zlib_deflater.dcu,16601,2026-05-31T10:08:14.000000+00:00,0d326d38cd48150c38c610691aaf2dcbd2852bf918526ab93822eb8251b5eadf
Spec Source/Dcu/zlib_deftype.dcu,10498,2026-05-31T10:08:14.000000+00:00,0bd35ac51cb94fcef86d7dbdc5c4b37348e76ff380e93743f2fa33ac31d06181
Spec Source/Dcu/zlib_gz_header.dcu,2216,2026-05-31T10:08:14.000000+00:00,ca7d1ea80771663c229fd96177e94c3886fb163d4e416967b6f9339e3e319ea4
Spec Source/Dcu/zlib_inf_trees.dcu,5172,2026-05-31T10:08:14.000000+00:00,d0361eeb2ce28893db6b7519d026e6e4bd723d84bd2f9a61c39f5a1f66468bea
Spec Source/Dcu/zlib_inflater.dcu,16689,2026-05-31T10:08:14.000000+00:00,0e357bf0a9b916448c5ef1d5cd32978ca744b2d529657eb816d8ab063e0d3048
Spec Source/Dcu/zlib_inflateregister.dcu,3158,2026-05-31T10:08:14.000000+00:00,60b9612760d276d4876952ce76b10a73bb5ede31e61144ff5da1d2ad3d2a73ad
Spec Source/Dcu/zlib_mapped_arr.dcu,4224,2026-05-31T10:08:14.000000+00:00,9d217c88df65228b6f1d8360a812df8f1b3a9de1923b984ce810eeb5e3c9abc4
Spec Source/Dcu/zlib_pendingbuf.dcu,5827,2026-05-31T10:08:14.000000+00:00,7c83d82806f64b93631b07486b2d3ee41148654ddd01a677bbcef0a79970e856
Spec Source/Dcu/zlib_static_tree.dcu,2352,2026-05-31T10:08:14.000000+00:00,cbdc5498788c93cb8b8e49f2463782f4aec2e7823a10e4e389ca06975d666192
Spec Source/Dcu/zlib_static_tree_desc.dcu,2482,2026-05-31T10:08:14.000000+00:00,c804824414f200dbc4d4419879702dbbe52268714cceb540ce585ea6fc75a95f
Spec Source/Dcu/zlib_tree.dcu,17517,2026-05-31T10:08:14.000000+00:00,7d770ef9edd19d03a84b478ee7dbd874efad00c91ce7699aefd070a56d3a416d
Spec Source/Dcu/zlib_tree_desc.dcu,1568,2026-05-31T10:08:14.000000+00:00,0d59936af4b73658266a50bc6c59b19534eb53f610791e8db093b5274720dfe2
Spec Source/Dcu/zlib_z_stream.dcu,13328,2026-05-31T10:08:14.000000+00:00,6fc335abdea7eed2e4f060041be36fe341c1cd99c09336da851a2069459e13af
Spec Source/Dcu/zlib_zlibstream.dcu,9289,2026-05-31T10:08:14.000000+00:00,58a6fa2725da31e3081df982fc5644deb4ff5df36ce8ba6f22d4ae5e631228e2
Spec Source/Doc/2送数顺序.doc,24576,2026-07-14T08:28:38.000000+00:00,004a347a08006bf3f490f4ae91ba8b2d124360c4e73c1187573005701a38d91f
Spec Source/Doc/3数据存储格式.doc,24064,2026-07-14T08:28:38.000000+00:00,82869823a2e95fef98b0094a378fff9b0d329078ba66c4ab15de82bb651d1df9
Spec Source/Doc/三次曲线拟合.txt,1677,2014-11-01T02:09:50.000000+00:00,34f5f15ef7bbe1b7ea2bc2c5f0f8f8e188c1d210effdde7584d819084643471d
Spec Source/Doc/二次曲线拟合.txt,951,2014-11-01T02:09:50.000000+00:00,c8d00996d1f787cbd2bb7e31958bd07dbc8679314b59c71093151358b6c5d9b5
Spec Source/Doc/色散曲线换算.xls,28160,2014-10-25T08:33:06.000000+00:00,bb8087c8751931ad34882bfdc90505ce98b2d9dd10ca78f20eea2250c2118584
Spec Source/README.md,8169,2026-08-06T16:48:21.032894+00:00,785914e24f03a7ce163022adbe513e7dc04888b256d10cd28eef74602759120e
Spec Source/Res/20140915测试数据/标准系列.wdt,3633152,2014-10-22T00:02:44.000000+00:00,29689046cc06565d21208bffdb3e10f050aef7abd0a391678f09a9a795dffcf3
Spec Source/Res/20140915测试数据/标准系列S10.wdt,1003520,2014-10-22T00:02:44.000000+00:00,f509b26d78f1fa4bc9f52e1dcacbf5bd5ed539497e2d0acde6337d20d4a43a43
Spec Source/Res/DIRECT.MTD,307200,2015-01-30T05:51:22.000000+00:00,d4466f0b73ab5edd0efb2d6da20f0cd16f284c2b014891c85504c71220a5825e
Spec Source/Res/Hg线波长表.xls,25088,2014-09-30T06:35:20.000000+00:00,c3d5fd30be9a2a88c6cb1e4695f742fa134eeb0e867706d1e7f90b9c893764f0
Spec Source/Res/Images/16X16/align_centre16.bmp,560,2014-09-30T06:35:20.000000+00:00,e5dba61e1303e235233b2c9c9d2deaf55d9a65981d2872b00c1df77321081ddc
Spec Source/Res/Images/16X16/align_centre16_d.bmp,456,2014-09-30T06:35:20.000000+00:00,2442e7593cd9dc681b5a1383e59f4c37a3278bc2f38f15c635ce1f2c5a0a7f6b
Spec Source/Res/Images/16X16/align_centre16_h.bmp,560,2014-09-30T06:35:20.000000+00:00,761a5caecd079be840e37384a66b42a2bcc40a5f4eeecb7e1efe558651775fb4
Spec Source/Res/Images/16X16/Arrow/arrowdown_16_d.bmp,652,2014-09-30T06:35:20.000000+00:00,cc1565773548bbd0b133fa8ccb7b8d31777011b14f9af19699b11f38534e89a7
Spec Source/Res/Images/16X16/Arrow/arrowdown_green16.bmp,984,2014-09-30T06:35:20.000000+00:00,b6bae42c1cdc73fd6cb16a6ba0c590eab048c98bdbf378704d0640ea26ed41e5
Spec Source/Res/Images/16X16/Arrow/arrowleft_16_d.bmp,648,2014-09-30T06:35:20.000000+00:00,55cacc38f9746627a702a1331505ac351d1e7fe0e21fc5d0f751998fce33c271
Spec Source/Res/Images/16X16/Arrow/arrowleft_green16.bmp,968,2014-09-30T06:35:20.000000+00:00,e06510ca5f868e87dca416bfb0c2514bd019eebe515cf4c342ecf9a368dad8c7
Spec Source/Res/Images/16X16/Arrow/arrowright_16_d.bmp,632,2014-09-30T06:35:20.000000+00:00,54b3b65ef4efd3c8037c0062658d261c90e22c05bf127b0a1c52634e08b1eeb0
Spec Source/Res/Images/16X16/Arrow/arrowright_green16.bmp,980,2014-09-30T06:35:20.000000+00:00,46a2c68845febe8906f514a3987732f8204205627c92a9930dc28318597ca66a
Spec Source/Res/Images/16X16/Arrow/arrowup_16_d.bmp,640,2014-09-30T06:35:20.000000+00:00,93d8906afe80a324dc2bd61e66f84279aeea91cace721aeb391a095de9382822
Spec Source/Res/Images/16X16/Arrow/arrowup_green16.bmp,980,2014-09-30T06:35:20.000000+00:00,9ca773f58cd557d35511832678564044eec6c745c9c8b1f7891adae9184f1873
Spec Source/Res/Images/16X16/autosearch.bmp,246,2014-10-15T08:53:06.000000+00:00,96a0aff6607b60d65a807bc9bfde6a4e7a80809050d35c4d8080afbbb5ce6c6f
Spec Source/Res/Images/16X16/cancel16.bmp,872,2014-09-30T06:35:20.000000+00:00,973762129e9076ae2df78fb9f2f602b024671ae6923c556aa53855850cd4959e
Spec Source/Res/Images/16X16/cleanup16.bmp,712,2014-09-30T06:35:20.000000+00:00,69eb990906b81090356c7451bf8cdd8c2c7acf42a13b0b186982930521f0b1cd
Spec Source/Res/Images/16X16/delete16.bmp,920,2014-09-30T06:35:20.000000+00:00,a72c3a5b9532e1d80f5aa5e36b6cf5dbfcdcc72515f4c23b55ce51d2d7d6961b
Spec Source/Res/Images/16X16/details16.bmp,344,2014-09-30T06:35:20.000000+00:00,b7766afbe1a019f58e1f13eba120c957c89e67f3141507f1a32daabf25c261b4
Spec Source/Res/Images/16X16/details16_d.bmp,348,2014-09-30T06:35:20.000000+00:00,442c69967e0c12049230c74bf2569637ac08f17756794cc21b5c2dc72068d398
Spec Source/Res/Images/16X16/edit16.bmp,928,2014-09-30T06:35:20.000000+00:00,1a9d84c2ca4edfc432e97586778e1d716c5cec45c3de74b3f4b7447603ed9a77
Spec Source/Res/Images/16X16/edit16_d.bmp,676,2014-09-30T06:35:20.000000+00:00,0cc9df01adbaa865b9eb4de9a545786a70869f7da1b99fced28bebdffe6b4a47
Spec Source/Res/Images/16X16/equalizer16.bmp,516,2014-09-30T06:35:20.000000+00:00,939146180ec40632e217937b0fd21cd5c2e3dbd84c12a483baf2c280b21d06fa
Spec Source/Res/Images/16X16/equalizer16_d.bmp,476,2014-09-30T06:35:20.000000+00:00,4775a2370057805b33e27fbbca0d97333c3cfeb97b67fd253bab085567758fcb
Spec Source/Res/Images/16X16/exit16.bmp,696,2014-09-30T06:35:20.000000+00:00,f2916d3847d93f9b2825a92a71afa2d2d1959432ebca05a34c20ba6271918713
Spec Source/Res/Images/16X16/exit16_d.bmp,568,2014-09-30T06:35:20.000000+00:00,1fe230644656b5016e5fe64e6157d4744f4c3afb13cd146a2859f40e214900e8
Spec Source/Res/Images/16X16/first16.bmp,896,2014-09-30T06:35:20.000000+00:00,e335f5c0957b89a4deeec0021612cc9e49a8ecb904f8e149300952e114c2c9c7
Spec Source/Res/Images/16X16/folder_open16.bmp,824,2014-09-30T06:35:20.000000+00:00,30294ad9c130be24f7919c479ddf142db6ae1ee02153a4bc2d2fa9af09ff290e
Spec Source/Res/Images/16X16/folder_open16_d.bmp,824,2014-09-30T06:35:20.000000+00:00,54d5cfcb7b85640b314fcf13c8ab62b8e63778d1b87315cca5f30ff01658d67b
Spec Source/Res/Images/16X16/folder_open16_h.bmp,824,2014-09-30T06:35:20.000000+00:00,8dd88fecd115eff32d15314a8f1ef57170adec029cd936457c8794ba3b77d5af
Spec Source/Res/Images/16X16/graph_line16.bmp,892,2014-09-30T06:35:20.000000+00:00,ab6163bc9c54ea846a89122dc599d40e9b145bbe4eb6e825f64b896ab6d36cca
Spec Source/Res/Images/16X16/graph_line16_d.bmp,680,2014-09-30T06:35:20.000000+00:00,01d5414c340c65472a12fd1fb738e177ce74a6ff1331510066883e8347701f40
Spec Source/Res/Images/16X16/insert16.bmp,892,2014-09-30T06:35:20.000000+00:00,4d28e6220d1d276db4f8f7b59bbeb40b2ec6fb5dde90fce99db3b14e0641853c
Spec Source/Res/Images/16X16/last16.bmp,888,2014-09-30T06:35:20.000000+00:00,dea5d7dd2632293271f6ee02a759289794bf671c3583a1669cf8e9d42d4a7d82
Spec Source/Res/Images/16X16/new_document16.bmp,822,2014-09-30T06:35:20.000000+00:00,9fbf9d0c22796cd62028599ce0acff9d16e60665c459d7b822654d297302376d
Spec Source/Res/Images/16X16/new_document16_d.bmp,1334,2014-09-30T06:35:20.000000+00:00,9ddcb31a456dce381b2fa01661384cb9e5d056e3d8eb244e101b86acd4e218cf
Spec Source/Res/Images/16X16/next_square16.bmp,924,2014-09-30T06:35:20.000000+00:00,299fadf585476d7950297a22cd7b827b7aebcff96db47fb8d630798a0495a599
Spec Source/Res/Images/16X16/next_square16_d.bmp,612,2014-09-30T06:35:20.000000+00:00,927d8925ad1224624c6741231cd192ecbfdcd87b0f5c791b9059d0480faaf54a
Spec Source/Res/Images/16X16/next_square16_h.bmp,892,2014-09-30T06:35:20.000000+00:00,a12c4420ae1399d2404eca9df5edd4ba6bb1183dbc39650f9e5eada7e194f1fa
Spec Source/Res/Images/16X16/open_document16.bmp,824,2014-09-30T06:35:20.000000+00:00,172ccfc02a5d591a3d4e54d8ab69135416424998fd6b342369dca890f08c845e
Spec Source/Res/Images/16X16/open_document16_d.bmp,824,2014-09-30T06:35:20.000000+00:00,7fa0acc75036b93138d62128b9b2ce862723854d2642a5b745fff77c2bd72930
Spec Source/Res/Images/16X16/pause16_d.bmp,604,2014-09-30T06:35:20.000000+00:00,01563bd6b0299396bdbd196c08f6c3a724b47f218433f259e7e45ff4461aeab2
Spec Source/Res/Images/16X16/pause_blue16.bmp,984,2014-09-30T06:35:20.000000+00:00,3701c221f7ba5cec0b66b499ec832d41d8b12532524bb3f701c12a7e465f66ed
Spec Source/Res/Images/16X16/pause_blue16_h.bmp,968,2014-09-30T06:35:20.000000+00:00,0a4a8a9de1d5ee3d4edb0e66bce59c3d6951c92ad17c4d4df7fcae5088f36d1e
Spec Source/Res/Images/16X16/play16_d.bmp,588,2014-09-30T06:35:20.000000+00:00,20d2a2cc131c6221fcc0e31024dcdadcf14e4f8cde3e826f35e31dc8eb212e16
Spec Source/Res/Images/16X16/play_blue16.bmp,992,2014-09-30T06:35:20.000000+00:00,7571dd9c6cceb6cbe1707d2305694043f0c6aa54e8e8545962b3ac3e1aa9aede
Spec Source/Res/Images/16X16/play_blue16_h.bmp,980,2014-09-30T06:35:20.000000+00:00,d64c23148a99995e86c896e90e47c593a953eb297e6b81605dbd8a603b62d809
Spec Source/Res/Images/16X16/playlist16.bmp,876,2014-09-30T06:35:20.000000+00:00,c146355ef59a2dac09c67ca42dee52032bdc1ddf935005455c666890f9a11b84
Spec Source/Res/Images/16X16/playlist16_d.bmp,564,2014-09-30T06:35:20.000000+00:00,d787e23ea40a2d2393b946aa9dea7f120524f8df133aeffe63a6d4de6749cb84
Spec Source/Res/Images/16X16/playlist16_h.bmp,876,2014-09-30T06:35:20.000000+00:00,a4a6d286ffd1d5b040a1488991a8d85308ba66da6d5afab20ea2c066c96aa0a7
Spec Source/Res/Images/16X16/post16.bmp,916,2014-09-30T06:35:20.000000+00:00,43bbfd200fa49ada2ce28d95dd9ec240d381ab923a8b2cfdae30e97ddda6fbc9
Spec Source/Res/Images/16X16/post16_d.bmp,608,2014-11-04T03:04:34.000000+00:00,38be06d450f633046a7dcfcd6be8089f73e884be84e3c1fd47750ea684e3cde1
Spec Source/Res/Images/16X16/post16_h.bmp,912,2014-11-04T03:04:34.000000+00:00,e03b470f169fe957b026ec0fdb802df26f869111b7c4431c5208d545d52e839a
Spec Source/Res/Images/16X16/previous_square16.bmp,920,2014-09-30T06:35:20.000000+00:00,0bcb84f85396ba4992b53c091540ab2ef068fbfcb7a7709c63eb837cb5424989
Spec Source/Res/Images/16X16/previous_square16_d.bmp,608,2014-09-30T06:35:20.000000+00:00,025b830927b1bf79d36e0e670b4b757869893dccb60ca7d694fe2f5167489019
Spec Source/Res/Images/16X16/previous_square16_h.bmp,888,2014-09-30T06:35:20.000000+00:00,3b41bb7fb92bd749fd3352f6bea236845d34db38dfa5fe9a80c6c1b93c2a9051
Spec Source/Res/Images/16X16/print16.bmp,824,2014-09-30T06:35:20.000000+00:00,37916ea24a19aaca63481eb6c0040337681ae3a5b6e8e2873a8748c0c83b3831
Spec Source/Res/Images/16X16/print16_d.bmp,824,2014-09-30T06:35:20.000000+00:00,f39ed5c0ec53ff72d929236796a00efd60868093cb25ccf41740cd68578a83bd
Spec Source/Res/Images/16X16/print_setup16.bmp,804,2014-09-30T06:35:20.000000+00:00,a57563da47c18b1fe6363cf1ac6a8f0b87df193b70cbaf321ffabacaabb54c66
Spec Source/Res/Images/16X16/print_setup16_d.bmp,652,2014-09-30T06:35:20.000000+00:00,ae73472389f2bf77da107f77323fbb98c57064a96815760a726283dc9e3b86a5
Spec Source/Res/Images/16X16/save16.bmp,824,2014-09-30T06:35:20.000000+00:00,c37616c4f625a4380f709d4ab5da57da9b42a7341d07b2f046fba5bf01463db3
Spec Source/Res/Images/16X16/save16_d.bmp,824,2014-09-30T06:35:20.000000+00:00,e702cf49aae69ec6079657428b71a2ec30e7e94d56dc26763ffae5560601a5fb
Spec Source/Res/Images/16X16/stop16_d.bmp,596,2014-09-30T06:35:20.000000+00:00,b192300209e927c0303261c7b33a178c801050352c6a4681131a03d783416fe5
Spec Source/Res/Images/16X16/stop_blue16.bmp,976,2014-09-30T06:35:20.000000+00:00,cf6b41ee0065869d6efcb015a0a3ece738e912be14580974158079a8f065d51e
Spec Source/Res/Images/16X16/stop_blue16_h.bmp,960,2014-09-30T06:35:20.000000+00:00,70cd25856901fba38a7b7b54879ee7cac67001f65d5eaa2c0ef468d1445c8aed
Spec Source/Res/Images/16X16/strikethrough16_d.bmp,560,2014-09-30T06:35:20.000000+00:00,ddb202ed20891e3b3da2adf5a04dce8b455e6485d7c53087ffad4e479506c907
Spec Source/Res/Images/16X16/strikethrough_blue16.bmp,720,2014-09-30T06:35:20.000000+00:00,36eef31a918bc3d79882470d6247cb7485930eb6bd60d8681d1afbcb495dd47e
Spec Source/Res/Images/16X16/views16.bmp,824,2014-09-30T06:35:20.000000+00:00,80c6606dea976b2ec724de304a49c0363f67d02cb402502054a238b9891f05b2
Spec Source/Res/Images/16X16/元素测试.bmp,924,2014-09-30T06:35:20.000000+00:00,6e67d0e679f70c194814348b0a7b12c6f60c3a4fc1090f9f82105fca0a7fec24
Spec Source/Res/Images/16X16/当前波长.bmp,822,2014-09-30T06:35:20.000000+00:00,309a52c8d9767d40de351ac274e05338a58fd8abe5bc732ff1c57b0947fd2f9a
Spec Source/Res/Images/16X16/手工测量.bmp,822,2014-09-30T06:35:20.000000+00:00,702ed0902c4b5462377c181ea506f605f1143bbb412d732b71acff924199c4b6
Spec Source/Res/Images/16X16/描迹图示.bmp,892,2014-09-30T06:35:20.000000+00:00,ab6163bc9c54ea846a89122dc599d40e9b145bbe4eb6e825f64b896ab6d36cca
Spec Source/Res/Images/16X16/条件表名.bmp,822,2014-09-30T06:35:20.000000+00:00,06189c55cdc491d91f326a0d249a1afa46d3a76ed6244d6deb10ef898c5b7e63
Spec Source/Res/Images/16X16/校起始线.bmp,822,2014-09-30T06:35:20.000000+00:00,36d6b993be0b0912af6d3429c2d50ca61d1c15d139f34de9e61b12c99b2258cf
Spec Source/Res/Images/16X16/电机测试.bmp,822,2014-09-30T06:35:20.000000+00:00,c430125f9a91e17a15d5bb9983b42ad57e0150ede7641ebf317fe4fc693a67ad
Spec Source/Res/Images/16X16/相板调平.bmp,668,2014-09-30T06:35:20.000000+00:00,6e694dcd7b706756d304d87e59072f4d2c23805d68f285a379953768fd8108db
Spec Source/Res/Images/16X16/空样.bmp,840,2014-09-30T06:35:20.000000+00:00,c75395e98696633552df39b191b8ef6ab69855cb292a3665448e3d5c114b59e0
Spec Source/Res/Images/16X16/自动扫描.bmp,822,2014-09-30T06:35:20.000000+00:00,5c5b53cdb6d5e54343185f8a67c79c7e9b81b6de5e2674e7b8ffcca37cfcc3bc
Spec Source/Res/Images/16X16/色散曲线.bmp,720,2014-09-30T06:35:20.000000+00:00,36eef31a918bc3d79882470d6247cb7485930eb6bd60d8681d1afbcb495dd47e
Spec Source/Res/Images/16X16/蒸发曲线.bmp,822,2014-09-30T06:35:20.000000+00:00,77314750c01913700524038a8c4e8b7693da766a9146e23d1acac38906cc9452
Spec Source/Res/Images/16X16/谱线位移.bmp,822,2014-09-30T06:35:20.000000+00:00,63df02ae92eb91e08a89053563014ac8b1f9a8b1d6a6fbad9e601544cceae686
Spec Source/Res/Images/16X16/谱线描迹.bmp,822,2014-09-30T06:35:20.000000+00:00,e02983099504c598984421985b5737fc21c578ac272e20526793260b0a960db6
Spec Source/Res/Images/16X16/零点校正.bmp,822,2014-09-30T06:35:20.000000+00:00,32da5c180feecd47ff2730471aa214721f9955724112e37c9f114bb8c66de65b
Spec Source/Res/Images/32X32/arrowdown_green_32.BMP,3126,2014-09-30T06:35:20.000000+00:00,14318d11176502d9f4e2daab7f2ff603f2971cd4622b8c106ceb0278f84e3d48
Spec Source/Res/Images/32X32/arrowdown_green_32_d.BMP,3126,2014-09-30T06:35:20.000000+00:00,e3f187532021d978d522c2116aac96298a99759a725803f3f2bba576f8f1e24f
Spec Source/Res/Images/32X32/arrowleft_green_32.bmp,3126,2014-09-30T06:35:20.000000+00:00,73301765ca5b8074b45dba5a5a223885cbeb5e4a7a2ba6d425bfa3fff4fd9b94
Spec Source/Res/Images/32X32/arrowleft_green_32_d.bmp,3126,2014-09-30T06:35:20.000000+00:00,4afcdb57c88be44adff53aabb7ccd04764b38d5055568c215abaa9d33e27e251
Spec Source/Res/Images/32X32/arrowright_green_32.bmp,3128,2014-09-30T06:35:20.000000+00:00,87419d56ed4a7ac118789510d52cd6b04d066a3e00a1ffd72fe9c1f057762b5b
Spec Source/Res/Images/32X32/arrowright_green_32_d.bmp,3128,2014-09-30T06:35:20.000000+00:00,d9f8fef522772c4702cbda711c8a76c7ec221fa2843d12d71bce250e70b313ef
Spec Source/Res/Images/32X32/arrowup_green_32.BMP,3126,2014-09-30T06:35:20.000000+00:00,b6ded0de1fec3a38359ba350095ec2dae61cbfd8bfba4f6d53d6eae3d76ae38d
Spec Source/Res/Images/32X32/arrowup_green_32_d.BMP,3126,2014-09-30T06:35:20.000000+00:00,85ca3dd58e9cc0d9ead29216315b231f3dc3af1ce3fa0c304f2783742a68eaff
Spec Source/Res/Images/32X32/redo_round32.bmp,3128,2014-09-30T06:35:20.000000+00:00,9b95afce41cc9c7e4e96b8e7111a6bd50a1e4a4691d6bd3439e914dadd7a2228
Spec Source/Res/Images/32X32/redo_round32_d.bmp,3128,2014-09-30T06:35:20.000000+00:00,24430b0cdff5c823eda91bbf050cc0079bfc70897ee83d8f1eba5e05874fb992
Spec Source/Res/Images/32X32/stop_32.bmp,3128,2014-09-30T06:35:20.000000+00:00,de271b466e1b56fe569bd7ac4678f97d94be044a1dff5435da599825b8ab90c8
Spec Source/Res/Images/32X32/stop_32_d.bmp,3128,2014-09-30T06:35:20.000000+00:00,948774ffa391d23c9a33f3a2587457a7506b7e47a79af3d13c853d74f0c68cbe
Spec Source/Res/Images/32X32/undo_round_32.bmp,3128,2014-09-30T06:35:20.000000+00:00,01725a5444c480f534e56ef0f9b49a0e6b86d03143dc12760d4643077116c654
Spec Source/Res/Images/32X32/undo_round_32_d.bmp,3128,2014-09-30T06:35:20.000000+00:00,66595b9e6d65ac0266062b093558c971563474738a2c56add9d4f1dc1b36135e
Spec Source/Res/Images/32X32/低速_d.bmp,3126,2014-09-30T06:35:20.000000+00:00,a196936adc47f519ebb6160e5e96d2fce094932fc7e22053132fbb0252738e1b
Spec Source/Res/Images/32X32/低速_J.bmp,8246,2014-09-30T06:35:20.000000+00:00,5e0e664039acab07c4a63d468fe2308e2e850a50685b638a6fd75447b6513b56
Spec Source/Res/Images/32X32/停止_J.bmp,8246,2014-09-30T06:35:20.000000+00:00,9d053714b0473c4d676d1512d7d72eaa02ec22353b0f296bb9794dee85d15040
Spec Source/Res/Images/32X32/手工测量.bmp,4150,2014-09-30T06:35:20.000000+00:00,7466e1e0150ac7cca254dd3665261fe59af054550c0a0ae7699f60794e0e6322
Spec Source/Res/Images/32X32/校起始线.bmp,4150,2014-09-30T06:35:20.000000+00:00,e3687cc69746033ca54f7b5b0ebedffe8ece463ba1ffc44a61f995e2e57b8c8d
Spec Source/Res/Images/32X32/自动扫描.bmp,4150,2014-09-30T06:35:20.000000+00:00,8a087b4c91943c0ab38361f6267ee481125c31a50d15cbb4ac5232bff7b4e892
Spec Source/Res/Images/32X32/色散曲线.bmp,4150,2014-09-30T06:35:20.000000+00:00,b3a3f14fecaadcec68c2428c025bc10c013e68a09cf5b87f52956b4c53ffdf0a
Spec Source/Res/Images/32X32/高速_d.bmp,3126,2014-09-30T06:35:20.000000+00:00,dda8de089caf8d4c6a79c4afb71b515b42ee0780dcf12a5a41bb8dc75f282628
Spec Source/Res/Images/32X32/高速_J.bmp,8246,2014-09-30T06:35:20.000000+00:00,dae6fe7fd48220790d8acf25602d07eb85a9436ff68fc1fd0f848d3fd55a5b28
Spec Source/Res/Images/Chart.bmp,4150,2017-03-27T03:16:44.000000+00:00,29b8d011ee0d909a897ee53ce0c9187fdf7b2e34db857b32e0c44f1817fc34d6
Spec Source/Res/Images/ImageEn/1-1.jpg,799,2014-09-30T06:35:20.000000+00:00,c07d91211801c26ee20cec38d77e665a52c08a5db09428abbefa554fb9e98089
Spec Source/Res/Images/ImageEn/1-4.jpg,836,2014-09-30T06:35:20.000000+00:00,7d644e9be0ccd7d5bf52b6b9ff2f6b9e1d918cfc72be07cdb17b039fb349b9cd
Spec Source/Res/Images/ImageEn/10CCD.jpg,825,2014-09-30T06:35:20.000000+00:00,9507c34e8f56dcb5d287421cdff015323b108dd5aa406903450c73f58f9e95b5
Spec Source/Res/Images/ImageEn/Scroll.bmp,822,2014-09-30T06:35:20.000000+00:00,de0afe2d29df021816263912f738bcebf20b1045ea8dc93ac64fd065f9678e03
Spec Source/Res/Images/ImageEn/SelectZoom.bmp,822,2014-09-30T06:35:20.000000+00:00,82fe4fc7b8206db9a317b14870cf6e3443175ce1ce15a8e484453e451c7146f6
Spec Source/Res/Images/ImageEn/Zoom.bmp,822,2014-09-30T06:35:20.000000+00:00,b0f860c0952e664dc9fdab07f06436552584c8f407ee56edbb60b091b167fea5
Spec Source/Res/Images/ImageEn/十字.bmp,1210,2014-09-30T06:35:20.000000+00:00,fd0d23e34816c6d42e448030c2883a3e42aa3a18d4ddc4f609bea768d8faa3ce
Spec Source/Res/Images/ImageEn/放大.bmp,822,2014-09-30T06:35:20.000000+00:00,1c0279d631f718c5bf140b56131d9e6a24e004e8577975c22b5ad2706564ccd6
Spec Source/Res/Images/ImageEn/放大.png,838,2014-09-30T06:35:20.000000+00:00,bfb540fab84200fbf3c57a9563660cea35bc749e80a532dc825d15044c93dabf
Spec Source/Res/Images/ImageEn/缩小.bmp,822,2014-09-30T06:35:20.000000+00:00,3164b28e800cca878e97015d48bb3ca99304910217b7bdbbecd0610b1ac248ac
Spec Source/Res/Images/ImageEn/缩小.png,812,2014-09-30T06:35:20.000000+00:00,316889e1a299352506f0ba429f7a919498b66a7099b6d68adcf7dc03d9cef82d
Spec Source/Res/Images/ImageEn/缩放.png,950,2014-09-30T06:35:20.000000+00:00,4e000e2cfe3f093577982610c71e24812711f4d30a53a0791172d31b26a78b51
Spec Source/Res/Images/ImageEn/适合.png,395,2014-09-30T06:35:20.000000+00:00,3013d276d02dcecd8cf282cb2c95c0dee4805648f3b0470353fda14e84b5ac37
Spec Source/Res/Images/ImageEn/默认.jpg,812,2014-09-30T06:35:20.000000+00:00,f1459ac6b34502801cb08d1a2dcbc4915ff75d1fb99755a931b9c8830aaa43ac
Spec Source/Res/Images/Lock.bmp,822,2014-10-07T23:41:46.000000+00:00,b41b8227c153de560606c92a64e5c7243251c80c8bc6897306316a0638d9e2bf
Spec Source/Res/Images/UnLock.bmp,822,2014-10-07T23:41:46.000000+00:00,829b43275a295cda14ecb4b5edad86a533d4d3ecb3fbf622e415a2a74b63a562
Spec Source/Res/Images/复位.bmp,65590,2014-09-30T06:35:20.000000+00:00,4f505bc252d85527571a10035defe61da9511abe40920bfad6bdee5800baf1bc
Spec Source/Res/Images/左右图标.png,401,2014-09-30T06:35:20.000000+00:00,00b7dc832809729fc98a3ac88e560f079ae174f1ef83e0ae137d747a167f4af8
Spec Source/Res/Images/指针/DownBlue.BMP,1406,2014-09-30T06:35:20.000000+00:00,d0c0b73350d64ff831355bd27d30a759d51b395afb281567287ebe1b55a340ae
Spec Source/Res/Images/指针/DownOrange.bmp,1406,2014-11-15T06:03:54.000000+00:00,9a19a9194388e2a6cf4eb8f43a8b591adb52e509e77e3d8eca655fa02d9bf012
Spec Source/Res/Images/指针/DownRed.bmp,1406,2014-09-30T06:35:20.000000+00:00,2944b60969b05c6304071d2fe13d9d860c211893b07d3d9a8742c3807f63c07c
Spec Source/Res/Images/指针/DownYellow.bmp,1406,2014-09-30T06:35:20.000000+00:00,68a398ce6af067d13684459ff40b516993407155cf2d2296e622e3f70f251371
Spec Source/Res/Images/指针/UpBlue.bmp,1406,2014-09-30T06:35:20.000000+00:00,0417804f9c63e2a3c4347d0102fcd8e6e6339c1c5d74e34bf4e778f06a002ec0
Spec Source/Res/Images/指针/UpOrange.bmp,1406,2014-11-15T06:03:54.000000+00:00,06d2a0f4cfad8c4bd79d7db49fa6fcfdd2d2f147c135206c9227febcce835ee3
Spec Source/Res/Images/指针/UpRed.bmp,1406,2014-09-30T06:35:20.000000+00:00,0b568fbf615a7e0c770e2bf43c2c8c0925da2f2345257f3e4063e179f06ac0bf
Spec Source/Res/Images/指针/UpYellow.bmp,1406,2014-10-03T08:03:44.000000+00:00,94c64b0dcefef70de04fa9383375aded5e3461a663590113ce1e32939bc81da1
Spec Source/Res/Images/放大.gif,11221,2014-09-30T06:35:20.000000+00:00,f1734dddf27f961dca24a8858b01c2f57b8c79b853900def917cdb8e981b0d33
Spec Source/Res/Images/缩小.gif,10376,2014-09-30T06:35:20.000000+00:00,272c6043b891cfd409286758a7553cf3385ddf0158a55f4a5007a4268c465eb3
Spec Source/Res/Images/闪电/1.gif,5470,2014-09-30T06:35:20.000000+00:00,6350b0d01df042ebbd41e23c666c112acc7e7f10e33613b7d86fae2dd5848d7e
Spec Source/Res/Images/闪电/1S.png,9665,2014-10-25T08:33:06.000000+00:00,7c2ac3c5e763149e7157dea0a16f9412692a13e92895a7a7687d241956709b18
Spec Source/Res/Images/闪电/Snap1.bmp,1345654,2014-09-30T06:35:20.000000+00:00,fc45076d26306f24734ead0cc1db73e42d699648c585d43eaa39e24c7fee899d
Spec Source/Res/Images/闪电/样品.gif,6132,2014-09-30T06:35:20.000000+00:00,15e11981dd70d519fe912bb271e834af0dbd2038d8071ad48e8522d8c77d8b47
Spec Source/Res/Images/闪电/色散.bmp,49206,2014-10-20T08:53:08.000000+00:00,9120ec03d4ae7ce255de65f95b3172705103a592752c33bf2ddd5f4f3fe00617
Spec Source/Res/Images/闪电/色散.ico,25214,2014-10-25T08:33:06.000000+00:00,ea447e9fe56495b60aaca0b7aca39c5084cacc1b243fffb69f0a6f63ae1e978f
Spec Source/Res/Images/闪电/色散.png,9410,2014-09-30T06:35:20.000000+00:00,d3d78930a19aec331dca8ec2ea50524e1b85300727c6306b721fedf7eab40733
Spec Source/Res/Images/闪电/蒸发曲线.bmp,822,2014-09-30T06:35:20.000000+00:00,77314750c01913700524038a8c4e8b7693da766a9146e23d1acac38906cc9452
Spec Source/Res/Images/闪电/蒸发曲线.gif,2735,2014-09-30T06:35:20.000000+00:00,0c1993a134f3b3aa70bcdbb0380019f7da00161064fdf504b18da9a15aced4dd
Spec Source/Res/PCOMM.DLL,57856,2014-09-30T06:35:20.000000+00:00,c33c6b173a93d93c2aa2ae7f4bc3cc64b137c1cc5cfdd19e9cd8f6cf090dfaca
Spec Source/Res/分时样品.mdb,159744,2018-01-18T08:00:16.000000+00:00,e1e5c001b79294b9391a7e1269bba1bafa19f97b7d8133b2382cf3c67867591c
Spec Source/Res/模拟数据/280-288.acq,24579,2014-09-30T06:35:20.000000+00:00,ef130de0bde91cdb084333002207493380ad4b776fc2ce1c6960d19e0e164c0c
Spec Source/Res/模拟数据/280-288.txt,423942,2014-09-30T06:35:20.000000+00:00,276510bda50ecc75afb0784b41e388b4817dbc60fb07adf5215350cf041e62e6
Spec Source/Res/模拟数据/291-299.acq,24579,2014-09-30T06:35:20.000000+00:00,9ccf429c0b89e873711a400fba9267711f0287279c39593988a2ed4cb01294e2
Spec Source/Res/模拟数据/291-299.txt,423942,2014-09-30T06:35:20.000000+00:00,e27f19204db405ebf06b2ce33f41a3d51ca1c75f8d886d55aec04f3915631196
Spec Source/Res/模拟数据/303-310.acq,24579,2014-09-30T06:35:20.000000+00:00,b031f17cbc3c207a1213cba0abf351f3ccb011adcde8542e4ae9c85d322fd297
Spec Source/Res/模拟数据/303-310.txt,423942,2014-09-30T06:35:20.000000+00:00,703f0d133d5ebbe80c1ce3b98e33daec1947f1433f0036b2825b23723097f987
Spec Source/Res/模拟数据/Ccd首尾强度.doc,23040,2014-09-30T06:35:20.000000+00:00,e801b4265e9348ec30672383166e35c12976309a03de63c5024da8fbcfd155bb
Spec Source/Res/模拟数据/Ccd首尾强度.txt,1283,2014-09-30T06:35:20.000000+00:00,d5f75c1210b962c03dc49015da31a538c4c192d346e861247e92b538dbc60dac
Spec Source/Res/蒸发色散.mdb,176128,2017-05-18T07:29:22.000000+00:00,10b7e8a311aa1b1dab4ffb49498affce3984c4d392026550b0a9559be13113fa
Spec Source/Res/谱图.rar,2618021,2014-09-30T06:35:20.000000+00:00,802e0528a186c7ca7d38b90a0eb65869e61f73c63e695e104201e2d0fcb88102
Spec Source/Source/Common/DmDatabase.dfm,1765,2017-05-24T08:35:32.000000+00:00,93846d83e5d7f2afac13547336cfd55c21fc3f3d5ab0af0ef3a30511ab2f4f9a
Spec Source/Source/Common/DmDatabase.pas,1676,2017-05-18T07:29:22.000000+00:00,59c07e6207217f7fca52b09a1b52e788aa7df4b9d4fbd5544a01d50f4ced5f42
Spec Source/Source/Common/DmResource.dfm,86241,2014-11-04T03:04:34.000000+00:00,b6de5850453437868e22bf35f4c3cf0fdde968c459b071bf441af09d23cd9a11
Spec Source/Source/Common/DmResource.pas,1172,2014-11-04T03:04:34.000000+00:00,ffd080822ca0525f9d4336a3fe492a55716f34e521ba595ea4b0a8f07b1709d4
Spec Source/Source/Common/PCOMM.PAS,9571,2014-09-30T06:35:20.000000+00:00,091a64730c5a0c40b59bd3aa27d2410c6a62b2fe92f77c7422e7c8552815b84d
Spec Source/Source/Common/README.md,61731,2026-08-01T07:44:52.541712+00:00,f815a6f3323e645480a387158137cc06bbc220af0ca03bc72232cd43b557f958
Spec Source/Source/Common/uAnaBtn.pas,3998,2017-05-24T08:35:32.000000+00:00,1cc8e4a48961be38cfa557a6252ede92c2a2ee2d24d3cf45835b98bfb615c872
Spec Source/Source/Common/uAnaLine.pas,17007,2017-05-24T08:35:32.000000+00:00,dd19a0c31ed345199504aa55498ce2a502141a187bb608409a93fb63a7562256
Spec Source/Source/Common/uAnaThread.pas,12925,2017-08-01T08:31:30.000000+00:00,9aa79a35def7cd7145dd6c2c4d9b43171582c151847e8839ca167eb45b1e3a7a
Spec Source/Source/Common/uCcdBand.pas,36498,2017-05-26T09:05:02.000000+00:00,7ce928e365a377349796a08739e363dfdd632ab2643c17f14fd6f151c912a942
Spec Source/Source/Common/uCcdBandSet.pas,3932,2017-05-24T08:35:32.000000+00:00,e4883db729761f70162737c72a9f2bf90200f18c8e5368d3f979dc076cc29f33
Spec Source/Source/Common/uCcdThread.pas,20123,2026-05-21T07:16:56.000000+00:00,d3fd592a630fbf42b4d0f2d5b56950a62f532052a39f40cb411500a11d6f95fd
Spec Source/Source/Common/uCmtBandObs.pas,5580,2026-07-14T08:28:38.000000+00:00,446710343f45bbdd70831c21e436480db0f57e9f98f2f0bb64daeda36e20c19d
Spec Source/Source/Common/uConfigs.pas,3498,2026-07-14T08:28:38.000000+00:00,f28e2b9c5919e9ad653e32d2af00657c4be19aab3550424b533caac0e0b6e12c
Spec Source/Source/Common/uDbPack.pas,58715,2018-01-13T06:10:44.000000+00:00,dd1ed2b0693a6360598ed4b82df31f1371fc7e984ed481061c997da479e57739
Spec Source/Source/Common/uExport.pas,13363,2026-07-14T08:28:38.000000+00:00,d5b28c10ac42f85cabfd107e96d4c2d72ff320b760d5b2e9d1c8566e272b9c3d
Spec Source/Source/Common/uFitMode.pas,8981,2018-01-13T06:10:44.000000+00:00,f3375c94b432c8d3b60f213790c8ee8b8d119ed742cfcd1c9b656508246e070b
Spec Source/Source/Common/uGlobal.pas,12566,2026-07-14T08:28:38.000000+00:00,2a9ab392adeb66e7c89cbe94bd605bc10d8779274eee5ab076f6372628d9f795
Spec Source/Source/Common/uGraphic.pas,1740,2014-12-22T05:26:46.000000+00:00,95d18a0a1a01fe724620f422578f468ab8b8e1fa1a64f51f092da7c757b8d68a
Spec Source/Source/Common/uIgnit.pas,103,2014-09-30T06:35:20.000000+00:00,38882749c05e4076c1dcf7adb561362442cb29c0664c6885cc3660e155244551
Spec Source/Source/Common/uMethod.pas,24129,2026-07-14T08:28:38.000000+00:00,14802b3ff2f7c4db846ada8f9ad4c0da4bd6f5e2cc74ee2b0adb42bc91d650ba
Spec Source/Source/Common/uMethodMap.pas,18502,2018-01-18T08:00:16.000000+00:00,bf4cdc21fad106ad6b04a23db399a7cd4e1fa9dbb0b71cd74ad7d61057c94753
Spec Source/Source/Common/UniqueInstanceUnit.pas,3851,2014-11-13T04:01:12.000000+00:00,17b24d2ba1dd45207a5c377da416efb7949e47fe5809f9dcd3da6897b6040370
Spec Source/Source/Common/uOptions.pas,10023,2015-03-20T05:53:56.000000+00:00,57327a67240cb581e64ec89dac2a17fbd3d59cc08348bd39ad1f8d21de625ad2
Spec Source/Source/Common/uPeakMode.pas,3340,2014-10-30T04:00:18.000000+00:00,a270951a0b4c3003de23428367d505dafb43a37fc24cd3c25ac9e37e5fee8e9c
Spec Source/Source/Common/uPrinter.pas,9107,2014-10-28T00:16:36.000000+00:00,1b48289f89b9016f3780f8d81e5128b231a72a7797d6485ad27e7b1916145a39
Spec Source/Source/Common/uSioLink.pas,5244,2014-12-08T07:58:40.000000+00:00,3f88dba7322c2013512743b120efe8620e391a7c24fb828f768fcb5b6bb546eb
Spec Source/Source/Common/uZoom.pas,794,2017-05-24T08:35:32.000000+00:00,a7ef662bd413e9f0d1f20b8ee8ff99ae40fe76196e66ced63918f26f1232d001
Spec Source/Source/Main/DownBlue.BMP,1406,2014-11-15T06:03:54.000000+00:00,4d38a45f58a5f8f29cd2bf8316c2868a472ae8bc50ffeb2c34af8584ca374e50
Spec Source/Source/Main/DownOrange.bmp,1406,2014-11-15T06:03:54.000000+00:00,9a19a9194388e2a6cf4eb8f43a8b591adb52e509e77e3d8eca655fa02d9bf012
Spec Source/Source/Main/DownPurple.bmp,1406,2017-05-18T07:29:22.000000+00:00,121887066c88bfc7ffbb367f3a770a1a20567ccc849e47b082bd875b0c3c6f01
Spec Source/Source/Main/DownRed.bmp,1406,2014-09-30T06:35:20.000000+00:00,2944b60969b05c6304071d2fe13d9d860c211893b07d3d9a8742c3807f63c07c
Spec Source/Source/Main/FmMain.dfm,60180,2026-07-14T08:28:38.000000+00:00,b72d02b65bf0c14730454a46db37e656846ca3aacde5d351286458b6258299ed
Spec Source/Source/Main/FmMain.pas,36752,2026-07-14T08:28:38.000000+00:00,b2dc9a7a3e51215137b839f8d00b7cd98bf9d9cc28bc5c9be0f0e6caf937ec68
Spec Source/Source/Main/mmAnalyze/FmAnaCheck.dfm,6076,2018-01-18T08:00:16.000000+00:00,aea058fc9d024125b1627970f5b015da2e36822eb0f20a4d87dedd060201ed83
Spec Source/Source/Main/mmAnalyze/FmAnaCheck.pas,10944,2017-05-24T08:35:32.000000+00:00,075f80a1f82ae3f5e8f2b0780f85c7b1dfda4d667dae86e5d666189dc049f361
Spec Source/Source/Main/mmAnalyze/FmAnaCurve.dfm,8127,2017-05-24T08:35:32.000000+00:00,7e19601994ea195ba07baee2d6fc308ab6f5955f83623b50dfac5a1b3ec1b17c
Spec Source/Source/Main/mmAnalyze/FmAnaCurve.pas,35131,2018-01-18T08:00:16.000000+00:00,072a722cab930a2e9fc4920514d049ac12aa817bcffbffa79c619726f7668e43
Spec Source/Source/Main/mmAnalyze/FmAnaPdt.dfm,1817,2017-05-24T08:35:32.000000+00:00,7e0d657dfc8d1ff48d64648a8fa7a5ffb354b3ef3920336170747fa029d65925
Spec Source/Source/Main/mmAnalyze/FmAnaPdt.pas,6398,2017-05-24T08:35:32.000000+00:00,301135591ac12945c09b39f58f064a35184bbee19984694864daf6de6e2d531e
Spec Source/Source/Main/mmAnalyze/FmAnaProgress.dfm,918,2014-10-30T04:00:18.000000+00:00,cb6b38dce87c0268291b92c6eac59c7468958b57509c723dd5972ec4a16f5441
Spec Source/Source/Main/mmAnalyze/FmAnaProgress.pas,1009,2014-11-05T06:23:04.000000+00:00,dbc8a32533aefb8d4b73f44c191f5137ce1070d8ecc6c53c5e7ae9fbfed15c36
Spec Source/Source/Main/mmAnalyze/FmDockAware.dfm,519,2014-10-22T00:02:44.000000+00:00,be9362910e7e48d7bea846ea268cc8e2138b04422866b70416253bb9447ebe9d
Spec Source/Source/Main/mmAnalyze/FmDockAware.pas,2136,2017-06-01T07:22:56.000000+00:00,795e3b9f3eadeee380007e520beb59479358299b51bb17e949eadd42cc3e1e5c
Spec Source/Source/Main/mmAnalyze/FmDockAwarePrepare.dfm,1590,2017-06-01T07:22:56.000000+00:00,5da2e848412ccf7a232d0cdb5379efc8504ae7c3e6b93be42749b007e8fbe784
Spec Source/Source/Main/mmAnalyze/FmDockAwarePrepare.pas,3203,2017-06-01T07:22:56.000000+00:00,16690f54bb8d1747682957534526a20a8011a0d8c07b5497bb9f43ee9be9d8a3
Spec Source/Source/Main/mmAnalyze/FmDockAwareSam.dfm,23337,2018-01-18T08:00:16.000000+00:00,5728cd5ea254339e7b97af8b79db570f03ed25326db9bbf0dd43aed4f43d9833
Spec Source/Source/Main/mmAnalyze/FmDockAwareSam.pas,10151,2017-06-01T07:22:56.000000+00:00,d33f4265e9c85d080484d3cff039e4e9b9959d8c14da8758f33438c003c886f1
Spec Source/Source/Main/mmAnalyze/FmDockGuide.dfm,519,2014-09-30T06:35:20.000000+00:00,383357c940aaa69f70191c7186eaf1f4d80428f7d6c407271739c1e5d997bc6e
Spec Source/Source/Main/mmAnalyze/FmDockGuide.pas,1363,2014-10-05T08:49:42.000000+00:00,65b6a1c32689aab32b0ede9c87c168d9c3febb10a5c2f04a43e197a86b08b8bb
Spec Source/Source/Main/mmAnalyze/FmDockGuideIgnit.dfm,33827,2018-01-18T08:00:16.000000+00:00,58f7945a5d9b63750daf489899bbf55a9e3eed52aeb6a5e23c47f1c0efb8a3fc
Spec Source/Source/Main/mmAnalyze/FmDockGuideIgnit.pas,19062,2026-05-21T07:16:56.000000+00:00,d8ba33ed056bb3b228e0ca916e401353c4a13466e28cf7356bc13734dd62cea0
Spec Source/Source/Main/mmAnalyze/FmDockGuideLines.dfm,484,2014-10-05T08:49:42.000000+00:00,8b298142187f10b33fa518c567eae82996852c02e602b2d863880114de8e6f41
Spec Source/Source/Main/mmAnalyze/FmDockGuideLines.pas,1784,2014-10-20T08:53:08.000000+00:00,0471fd4c1111c1935064685ceca4195685ddce8aa55a090275f6e8f7a157c487
Spec Source/Source/Main/mmAnalyze/FmIgnitCon.dfm,3770,2015-01-21T08:34:42.000000+00:00,5188d35ded317a0176a02d9189ee954c50a1b34d73e5e0b4da35380cdcdaa0bb
Spec Source/Source/Main/mmAnalyze/FmIgnitCon.pas,7718,2017-05-26T09:05:02.000000+00:00,71a185e4ff7ab59fedf352da64c762079d59afaf26df5be66e4a013d2a0837bf
Spec Source/Source/Main/mmAnalyze/FmIgnitProgress.dfm,875,2014-10-25T08:33:06.000000+00:00,14638d8d1788ed16cd4fce726c09974ecac0fe1f3af8a608f6957bbf81d6da55
Spec Source/Source/Main/mmAnalyze/FmIgnitProgress.pas,2610,2015-05-29T05:14:22.000000+00:00,43022ae69102c3002726b5c1e389b3a396d84f5d6d3bb51e94e0ff756fad1783
Spec Source/Source/Main/mmAnalyze/FmPrintCcd.dfm,3016,2015-01-19T08:26:06.000000+00:00,da6dd07fc28929ad441f06cecbb97080e01eea51855a972d35ece6bc5c6e5cec
Spec Source/Source/Main/mmAnalyze/FmPrintCcd.pas,8595,2018-10-16T08:33:42.000000+00:00,8cc5c8fc2f5b9465e3a6ad9e9d2a25d10ea29ea8a290e17b54e8a93b3d014b48
Spec Source/Source/Main/mmAnalyze/FmSampInput.dfm,7452,2018-01-18T08:00:16.000000+00:00,be809cb714d2ec9abc01039ce7497c143dfa7947ad8cf6d2cdb4d6dfe617be85
Spec Source/Source/Main/mmAnalyze/FmSampInput.pas,18083,2018-01-13T06:10:44.000000+00:00,a54c362f919bca27c7157f6dab4dbd264f12f7e4c00eec38f070c57077d51303
Spec Source/Source/Main/mmAnalyze/FmSampView.dfm,1022,2014-10-20T08:53:08.000000+00:00,d26ea44a41c51fcb4ca8f42aaa96c19a4ab6626854e2507ba51ec4674e30f4e8
Spec Source/Source/Main/mmAnalyze/FmSampView.pas,2626,2014-10-20T08:53:08.000000+00:00,01934e3e51f77bf264a0298663665da9004050b18c8866da972d3278c2b82f0f
Spec Source/Source/Main/mmAnalyze/FmView.dfm,22303,2017-05-26T09:05:02.000000+00:00,9c512968d3025d031a5b879a4f25f1c0e763eb55670708c0ee68aad8f163d7e4
Spec Source/Source/Main/mmAnalyze/FmView.pas,42841,2026-07-14T08:28:38.000000+00:00,fb748411b1ad8a8f997cf0abf7a241f081aafecd8331b35313144ec8e1c5c153
Spec Source/Source/Main/mmAnalyze/FmViewDetail.dfm,1225,2017-05-18T07:29:22.000000+00:00,ebc1c5c234310653ed24daa1d7f587db978bab20ef7bfb7bd7e4d4c108287701
Spec Source/Source/Main/mmAnalyze/FmViewDetail.pas,6396,2017-05-24T08:35:32.000000+00:00,a97be3fac44a308377f57494a624000f7882433c12950253ffd71714695d8ed0
Spec Source/Source/Main/mmAnalyze/FmViewMulti.dfm,2061,2017-05-24T08:35:32.000000+00:00,4bd04e473406fd9a7921c302e6c4be98c304ea26f5fb805438cc72b81f7a6eda
Spec Source/Source/Main/mmAnalyze/FmViewMulti.pas,7694,2017-05-24T08:35:32.000000+00:00,21fe7711e8439e66940735e5d83e715896b99d301ba35f0655fc822a88b2385c
Spec Source/Source/Main/mmAnalyze/FmViewSingle.dfm,2249,2017-05-24T08:35:32.000000+00:00,60b509a65176238b4d7d8fd78efd7773bac9d484888fb7669f451fb6df2fd0f0
Spec Source/Source/Main/mmAnalyze/FmViewSingle.pas,23657,2026-07-14T08:28:38.000000+00:00,d879af2a802431c432a1413778af8e3a1aaa4fc02bebb34f9a5ecbf044cb290b
Spec Source/Source/Main/mmAnalyze/FmViewSingleOld.dfm,22762,2017-03-27T03:16:44.000000+00:00,6f4f6ffa2255e08f1d487d38f4a9a480537f2a226b0e9426a862b9e52745a1d5
Spec Source/Source/Main/mmAnalyze/FmWstc.dfm,8041,2014-10-11T09:20:34.000000+00:00,8bd6b59fddc68bd495e6080c8caf1f2c57850ce13cf84b2c5dca0fee5e0c7596
Spec Source/Source/Main/mmAnalyze/FmWstc.pas,12005,2026-02-09T02:16:16.000000+00:00,9d135ef96934edd975917eacd88042b1d92ec58183f03a7d0dad583cf1f57687
Spec Source/Source/Main/mmAnalyze/README.md,46174,2026-08-01T07:44:52.679778+00:00,6b623d9ade30e887493e7621f10d34dcf0b94304568358c62045dde0b1d3b8fb
Spec Source/Source/Main/mmData/FmExport.dfm,8699,2026-07-14T08:28:38.000000+00:00,a0efb9b05ab439ead4b1c255b97a2afd939b2bddfc749f903fe95f7c7618445c
Spec Source/Source/Main/mmData/FmExport.pas,7908,2017-05-26T09:05:02.000000+00:00,bc924f39f168ec67609220cec6330fe78134774b149a03cf83302690a833ef65
Spec Source/Source/Main/mmData/FmPrintDat.dfm,1368,2014-11-05T06:23:04.000000+00:00,2c6ffde3e99ed4a7f35d87597de09bda10f0f99ebf969aed8c3cbf2ffa5eea58
Spec Source/Source/Main/mmData/FmPrintDat.pas,4899,2017-05-24T08:35:32.000000+00:00,d0b28126224863906ae3e34ed7e0019d9b3cdab0969bd468aae5af33f6e66e84
Spec Source/Source/Main/mmData/README.md,4575,2026-08-01T07:44:52.683767+00:00,fab50969d1424fb22c61500d6ee25d1581be23269861de33be6007651cbe40cb
Spec Source/Source/Main/mmMethod/FmInputQuery.dfm,956,2014-09-30T06:35:20.000000+00:00,8fa925bf481f1cc7f1248acf0fb9a3fce4ace148113041c96818410c9befd8c1
Spec Source/Source/Main/mmMethod/FmInputQuery.pas,1737,2014-10-25T08:33:06.000000+00:00,86107b6ae19a893edcf249be0ddf614edbb613dfca86e16171741fc16466c050
Spec Source/Source/Main/mmMethod/FmMtdCfg.dfm,12389,2017-05-18T07:29:22.000000+00:00,024c3fe68eb056dfa046ef88ba7e0a0a982fc8f63c2e9de5616c37e07a16a083
Spec Source/Source/Main/mmMethod/FmMtdCfg.pas,16433,2017-05-18T07:29:22.000000+00:00,7dac7b8a1d6ad63a780826da3af5e6918ea7cdb8580dc30e141797526c652b17
Spec Source/Source/Main/mmMethod/FmMtdLines.dfm,15369,2026-02-09T02:16:16.000000+00:00,0fc1db01cd0fe5d1cc2ab9913d5e8481e8e8c528b8e5d4965b0f8f2eb31f9587
Spec Source/Source/Main/mmMethod/FmMtdLines.pas,30575,2026-07-14T08:28:38.000000+00:00,6561a1eb36b211d8e250cb1fb4a9705e981397f828187786473816d094c627f4
Spec Source/Source/Main/mmMethod/FmMtdLinesAdd.dfm,2349,2014-09-30T06:35:20.000000+00:00,bd5ddf5fbeba53dba3eed4b40e672aca2d8e198b3c03ac3e4f0350d5e4caacbc
Spec Source/Source/Main/mmMethod/FmMtdLinesAdd.pas,4875,2026-02-09T02:16:16.000000+00:00,fef9317002cdb782e174547951b13effb95535d32e656b3ce288ba130884ebeb
Spec Source/Source/Main/mmMethod/FmMtdPrint.dfm,1082,2014-09-30T06:35:20.000000+00:00,fa2f9c4a24c17884117ca19ae4bcaba84089157e9c016ceb0be6cc5fe9dd266a
Spec Source/Source/Main/mmMethod/FmMtdPrint.pas,7827,2018-01-13T06:10:44.000000+00:00,09743c7878db40f4a18977bfe2f120332153900be6dd59479f010846f5445796
Spec Source/Source/Main/mmMethod/FmPageSetup.dfm,2779,2014-09-30T06:35:20.000000+00:00,6f29550c82299197ffb6c9a6c6e168d9ab80859f8ca9efd84b7e9e42a4a019b1
Spec Source/Source/Main/mmMethod/FmPageSetup.pas,3536,2014-10-02T08:53:14.000000+00:00,91046b4f8aabe1c5f44923ac100a441e1d2ea19ac22690b21b5b5749d4582418
Spec Source/Source/Main/mmMethod/FmSelect.dfm,12341,2014-10-30T04:00:18.000000+00:00,e6fbd85393e12fe38754b288aaa11105b6db05ac1819dba58740dce67c01ddbe
Spec Source/Source/Main/mmMethod/FmSelect.pas,5449,2014-10-20T08:53:08.000000+00:00,aaa9dee427cbb858474eb279facea107c05184a4ed441790ec6859489b70b511
Spec Source/Source/Main/mmMethod/README.md,13922,2026-08-01T07:44:52.718382+00:00,9318c7dd2feb7a8f3e063113328bc02badfd30aee43fcd75e820d7e6e7fa0c84
Spec Source/Source/Main/mmTool/FmCfgSoftWare.dfm,2831,2015-01-30T05:51:22.000000+00:00,49d33675a804f3ef1e74bcc27ad7975b146b3b7cb3a8e6bdf2e9826afdf78057
Spec Source/Source/Main/mmTool/FmCfgSoftWare.pas,2686,2015-01-21T08:34:42.000000+00:00,e44fca66a0581c9d9a09ebe9a6e8c9fbe0f01a970c38b48041b2785006e1d7f2
Spec Source/Source/Main/mmTool/FmDebug.dfm,13659,2017-03-27T03:16:44.000000+00:00,3a4e62c16afa7daf3e8235bad8169223e53d88ae3acbd775f389c6560e804bff
Spec Source/Source/Main/mmTool/FmDebug.pas,27571,2026-05-21T07:16:56.000000+00:00,9977f384aaed052d5930be6be146aff6eb961ec311026e216eeed526a650cc44
Spec Source/Source/Main/mmTool/FmImportPre.dfm,11629,2017-05-24T08:35:32.000000+00:00,976b2bcf3c3e277b614053105a25f491a3677bf1987a159b485b675533ec9e8e
Spec Source/Source/Main/mmTool/FmImportPre.pas,12022,2017-05-24T08:35:32.000000+00:00,2fb746cc3a463e11a9b5737478f9a1bd710a1136e3097397401431fab4e92be1
Spec Source/Source/Main/mmTool/FmMtdBackup.dfm,1923,2015-01-19T08:26:06.000000+00:00,5c460e7669c58dce8700c95ba92400486b451e40a00de69022e9708d141265c9
Spec Source/Source/Main/mmTool/FmMtdBackup.pas,3138,2014-12-05T05:15:42.000000+00:00,6d31061ae19b2e3748a05e84953cff3e61eb2497922ba3dd67a13c782f316cf9
Spec Source/Source/Main/mmTool/FmMtdManage.dfm,2185,2017-05-24T08:35:32.000000+00:00,fada5f1c59b17508e185290751f85ce5304edf67986e2e1bf7c0918b9dec31a3
Spec Source/Source/Main/mmTool/FmMtdManage.pas,4972,2014-10-07T23:41:46.000000+00:00,b1f1d404f9ccf04822ec9124337e00a286370d29f6eb7060d7afa9ca0b407bf1
Spec Source/Source/Main/mmTool/FmOptHardWare.dfm,6822,2017-05-26T09:05:02.000000+00:00,f195e039df05349e3bf0daca6290a898d69f683eabf62af20cfa4062f98665a8
Spec Source/Source/Main/mmTool/FmOptHardWare.pas,5591,2017-05-26T09:05:02.000000+00:00,15be03aae7a2d26cdebac79e9c0f81a4fec048a61fa8be63f4a15ec4de1ed314
Spec Source/Source/Main/mmTool/README.md,11788,2026-08-01T07:44:52.741280+00:00,afe20a694238bc1df990ba43fbabf7193063bf8f9d2b85c10337ca3dec558a8b
Spec Source/Source/Main/Others/FmAbout.dfm,911,2026-07-14T08:28:38.000000+00:00,7eda44e72e3acf6163ee1c23e6c7631058524d858f4ee449e9b116a9481967c1
Spec Source/Source/Main/Others/FmAbout.pas,1405,2014-10-11T09:20:34.000000+00:00,d36dc3c3a32e6e72a9161bea8149dcae748ce098310403c8226793f13442cd7a
Spec Source/Source/Main/Others/FmHint.dfm,776,2015-01-30T05:51:22.000000+00:00,e011b469f52cf680d4ac6205d2003050b770684afd9adad6932a8dbfe1b52c5b
Spec Source/Source/Main/Others/FmHint.pas,682,2017-05-18T07:29:22.000000+00:00,1c471acddccbad3b0e57d797fafde1d0374321d836de397fd965a702c891cc10
Spec Source/Source/Main/Others/FmMessage.dfm,3732,2014-10-30T04:00:18.000000+00:00,97a1c8ce4d36786034ec409189eef5c8ce26f7dc937434393d72bbc652d9e20e
Spec Source/Source/Main/Others/FmMessage.pas,3741,2017-05-18T07:29:22.000000+00:00,c7c526439edd95d474cea49390dc33126c53ddbea6d76678030e30935882db86
Spec Source/Source/Main/Others/README.md,3712,2026-08-01T07:44:52.597825+00:00,7b3b97bbb1d51bbf2d054a2bca4f573b8615e63944ade68ad1d402e83d98ad66
Spec Source/Source/Main/README.md,8005,2026-08-01T07:44:52.598832+00:00,3e70f2a800d8e7698faafa3358c37b1b24180594f1d140d69e75280e355f71dd
Spec Source/Source/Main/SpecDirect.dpr,3786,2026-07-14T08:28:38.000000+00:00,affac5303a4bbcbdb65bc84ab3e2ff9a13e7b4c218add25fd69e93d012b89bb9
Spec Source/Source/Main/SpecDirect.dproj,11073,2026-07-14T08:28:38.000000+00:00,5abfc4c650f508cf7e3714d2191f3819c2b37acba68042c28cdd50454321d5f3
Spec Source/Source/Main/SpecDirect.dproj.local,5759,2026-07-14T08:28:38.000000+00:00,ff743e16200e4420fde35fb9c856f5ba3cb5e5d932d20214d9685e45591c15e6
Spec Source/Source/Main/SpecDirect.dres,5848,2017-05-18T07:29:22.000000+00:00,211424cff4edf6592bae14f49f3a8f58dcf1c1f2e8bfe22baa6416867e5aa541
Spec Source/Source/Main/SpecDirect.res,27104,2026-05-21T07:16:56.000000+00:00,091965a8dfbff72a1593e7ad07fc1c234d4e6f03ec4d52d417c86db4b507860b
Spec Source/Source/Main/SpecDirect.todo,2,2014-10-20T08:53:08.000000+00:00,7eb70257593da06f682a3ddda54a9d260d4fc514f645237f5ca74b08f8da61a6
Spec Source/Source/Main/SpecDirectResource.rc,161,2017-05-18T07:29:22.000000+00:00,f4b7cab4202d6f8ee8ce716e3520c0d2daea93dca65ea3116c7b714efd89a799
Spec Source/Source/Main/资源文件BMP对应关系.txt,159,2017-05-18T07:29:22.000000+00:00,38ff77170e4f321383b44d1e11cc3493e757f7ecd155e027e5300b011ef00c9a
Spec2.02/blk.cdt_,159744,2018-01-14T05:08:44.000000+00:00,63260a4aafc81beedba61faf81d88db42518eb69d765a253e2cdb7279d3f9091
Spec2.02/blk.cmt_,159744,2018-01-14T05:08:54.000000+00:00,e1e5c001b79294b9391a7e1269bba1bafa19f97b7d8133b2382cf3c67867591c
Spec2.02/blk.edt_,180224,2026-05-27T05:37:06.000000+00:00,f36d5d5c5bd71d2d0ac93681f3c828c711749359aeaa8d1e24103a901415604c
Spec2.02/blk.wdt_,180224,2026-05-27T05:35:56.000000+00:00,ac33f5d584c56ce3a126765eb2cbe33862e9420fc1a627b614d23f0a9d176822
Spec2.02/DATA/20141029_测试.edt,57708544,2019-04-17T03:24:34.000000+00:00,00a10a003858697b964183a4be2ea6ca6ad770f77a9b8ca0586ac0162aff15d0
Spec2.02/DATA/20141029_测试.wdt,57708544,2017-05-09T00:35:56.000000+00:00,1fe6c123c105f832cd8fb0f299bf6c2f19dff49cde81b7527a6885e14e8f5fde
Spec2.02/DATA/测试15-5-960.sam,9600,2017-05-20T08:36:20.000000+00:00,353a67ca7855cafaef62fac9c25f965d95624202e19cb03e06a8626e7b544be0
Spec2.02/DATA/测试15-5.sam,60,2026-05-26T07:33:28.000000+00:00,e66dec4a31d2a9d2474176ebaa8f4e8ce7f3c4928cbe7dcbd5399dbf65b2c068
Spec2.02/DATA/测试15-5_20170509_[1-18].cmt,460529664,2026-05-27T03:55:00.000000+00:00,7c7ccb874b42a42b20872987d7454a8f71f40443823802e5b6227a37d8794f78
Spec2.02/DATA/测试15-5_20170509_[2-16].cmt,50323456,2026-05-27T03:50:10.000000+00:00,959f3f1822adbad3be960112236df6376da2b870348c3bfd8c96d5ddbb94149f
Spec2.02/DATA/测试15-5_20190421_1842.pdt,11068,2019-04-21T10:42:18.000000+00:00,d13b3d74821ea04425a6989f67fb08a324dc41f5deb7a80544b612c119f2a534
Spec2.02/DATA/测试15-5_20190421_1842.xls,10240,2026-05-22T01:08:44.000000+00:00,8295b59cbb7375946a149c7f2d61dd0ff48e5eb3a5f079bc20a0ba6d0b8e4ae3
Spec2.02/DATA/测试15-5_20190421_1842/信息记录.txt,94566,2019-04-21T11:33:40.000000+00:00,526a08060694a53f59755fcb592aa918348483ba0a14daee2b6a3a9128c57fce
Spec2.02/DATA/测试15-5_20190421_1842/测试15-5_20190421_1842.xls,10240,2019-04-21T10:46:10.000000+00:00,030ba07a91032dea73faa8480ea37f62d0010f0b0f2ca82e61b6071066c08629
Spec2.02/DATA/测试15-5_20190421_1842/测试15-5_20190421_1842_P.xls,22528,2019-04-21T11:22:24.000000+00:00,a556b00b7dafbd039a871da9a3febef709187e1c8476659d6653a5df07dd8971
Spec2.02/DATA/测试15-5_20190421_1842_P.xls,22528,2026-05-25T07:54:26.000000+00:00,38157a5fa9f7d45132a486571023b9b0f99e222ebfb282f1e0387e8ff42c00ab
Spec2.02/DATA/测试15-5_20260528_0816.cmt,163840,2026-05-28T00:17:02.000000+00:00,bdaf26fc7edf28d0f4e5f21e2c17f40b99bd8b1432f11ea5b91b0e0dad855800
Spec2.02/DATA/测试15-5_20260803_0400.cmt,163840,2026-08-02T20:02:01.273036+00:00,bdaf26fc7edf28d0f4e5f21e2c17f40b99bd8b1432f11ea5b91b0e0dad855800
Spec2.02/DATA/测试15-5_20260803_0426.cmt,163840,2026-08-02T20:28:27.813257+00:00,25d16fd0da34552addec30f0041585f3e4596e07e8999fdf6ac40d500a20ace5
Spec2.02/DATA/测试15-5_20260803_0426.ldb,64,2026-08-02T20:28:27.809812+00:00,8e504389727a30f755149b1f4dae7923e16c41e273e3245e8bb66858c857d48b
Spec2.02/DIRECT.CFG,125,2026-05-14T09:07:56.000000+00:00,51406d2f036ca8e9a7aa4f0b8d14362689695a19793df58a2f90913179d5c4c2
Spec2.02/DIRECT.CFG.VIP,125,2026-05-14T06:39:18.000000+00:00,51406d2f036ca8e9a7aa4f0b8d14362689695a19793df58a2f90913179d5c4c2
Spec2.02/DIRECT.LOG,840,2026-08-02T20:49:57.168715+00:00,739fa07d14e7fac12a40964325e0d77f1c334438b0b432af1c52b11f9e60a169
Spec2.02/DIRECT.MTD,339968,2026-05-27T06:18:42.000000+00:00,2f7c09324b4f9320506f2a198a1e2abdd6e9d31a5ef92b2ac4b4e9cb9279a3f8
Spec2.02/DIRECT.MTD.OLD,327680,2017-05-26T01:56:08.000000+00:00,6069a7134364232f8b8a2e5a265ea32440997bca654492ba0b110a4d38c1f786
Spec2.02/DIRECT.OPT,395,2024-08-06T00:28:04.000000+00:00,3ceb8d73484687a2b83cfb64ceac6cdecfb8c0e68e5a04497b3501c624de63dc
Spec2.02/DIRECT.OPT.CUS,341,2017-05-09T00:15:52.000000+00:00,29022e56f940e56a64d97d5cc80f87cbd1d2870ba374cb553c24c49bb520ea98
Spec2.02/DIRECT.OPT.VIP,395,2017-04-07T07:17:42.000000+00:00,3ceb8d73484687a2b83cfb64ceac6cdecfb8c0e68e5a04497b3501c624de63dc
Spec2.02/DIRECT.~mtd,315392,2017-05-15T07:07:28.000000+00:00,afa926567443957bbe34cebae52ce6b3da59dc872adde2219c753608dca534f6
Spec2.02/ELEMENTS.SYM,335,2010-05-04T11:38:20.000000+00:00,210766f44c751582b54ae79d13a4d6bbf19dd13717826524a03aa2fc097e56cb
Spec2.02/PCOMM.DLL,57856,1998-10-19T05:41:34.000000+00:00,c33c6b173a93d93c2aa2ae7f4bc3cc64b137c1cc5cfdd19e9cd8f6cf090dfaca
Spec2.02/spec2.02截图/00_final_main_state.png,659083,2026-08-02T13:38:48.308326+00:00,9d21321e80e7bf70b6f4cdb6ebcbda98d8497e1a898f2133c869f0fe7f5ee1f3
Spec2.02/spec2.02截图/00_main_maximized_2880x1800.png,674114,2026-08-02T13:38:18.225017+00:00,b114adc79e18b7febf19de05f0a3b9004a7860673e81f4152759fe38048bf4e8
Spec2.02/spec2.02截图/00_menu_analyze.png,387646,2026-08-02T13:38:22.694651+00:00,510a346717211b5e8f463ce038ef00095bc0be59582c22d648fd5f736e9a5692
Spec2.02/spec2.02截图/00_menu_data.png,381832,2026-08-02T13:38:24.203089+00:00,2fcfa7854427f312e76f290ec43e223c958a3bb0600fe43845f8a6c22f3fa335
Spec2.02/spec2.02截图/00_menu_edit.png,377024,2026-08-02T13:38:21.184366+00:00,82babfc1e64fb7dd70816477ca09c59a2c2139d89bc0682ae24a0b7880de2ea1
Spec2.02/spec2.02截图/00_menu_help.png,379526,2026-08-02T13:38:27.229523+00:00,098d38bd8845c7ebd6117dc328cb5f072c3eb7a06791d55387944d68ab9faef2
Spec2.02/spec2.02截图/00_menu_method.png,670560,2026-08-02T13:38:19.673867+00:00,737fdb085e9f80fb5d6bbbadc0ebb2c0976e8358c8eab6ffa52a18897a119cb8
Spec2.02/spec2.02截图/00_menu_tools.png,385634,2026-08-02T13:38:25.721510+00:00,84b6762138a9f9935a0954d6fad17f45dbd39ca2614fa6febe4a50472238cbd1
Spec2.02/spec2.02截图/10_new_method_input.png,409302,2026-08-02T13:38:28.848153+00:00,041a87256b5c1198ec5cdc8e09fe5b25a102bf738f9d3e4beac5436de5da2937
Spec2.02/spec2.02截图/10_open_method_list.png,668545,2026-08-02T13:38:31.251512+00:00,48c62d912596e2be91cc46fc0fb0efa89686a5f29b6f7c949caed0ec4a5f2e41
Spec2.02/spec2.02截图/10_page_setup.png,440003,2026-08-02T13:23:05.050540+00:00,e09de4525802965fd588acaed14b9f6fab0d96d91ed0cd0c1e819b96c8c0100c
Spec2.02/spec2.02截图/10_print_setup.png,453785,2026-08-02T13:23:10.387714+00:00,9b09f81ef64c8d4d423801faa590c99574891a7f1b2bf5e7efe87978d5b96580
Spec2.02/spec2.02截图/50_database_backup_compact.png,670021,2026-08-02T13:38:40.424668+00:00,5d2fe794647d90808fcb6579eb786b3b93a60448bd422c9f47298ba6fe012eee
Spec2.02/spec2.02截图/50_debug_align.png,659118,2026-08-02T13:38:42.739990+00:00,22fc0317ae531d6548c808b6d37ac2e455fdd38eda7ac80c5c5a276818500b79
Spec2.02/spec2.02截图/50_device_parameters.png,667469,2026-08-02T13:38:35.838212+00:00,4691f28f84fa76992dbf897f80335da07599ed77e18801e1f21b4254326b5cfd
Spec2.02/spec2.02截图/50_method_management.png,673807,2026-08-02T13:38:38.139918+00:00,8243da98b2095c439825b7acc207e41c54eb5e086a795b14da8bea7f1bb007cb
Spec2.02/spec2.02截图/50_software_parameters.png,666803,2026-08-02T13:38:33.557060+00:00,63523d4a374ed7cf48e6bbd6ca4f141ca899cef39216a60a7d97e89544b2b06b
Spec2.02/spec2.02截图/60_about.png,668154,2026-08-02T13:38:44.984212+00:00,145a43ae7b3aacabeb2f595c66e88b20c4deffc87f7fd1cd429bbcef8ef9ae3e
Spec2.02/spec2.02截图/90_help_topic_result.png,670391,2026-08-02T13:38:47.798009+00:00,8e67ad798cd196816278d2eb8fe35794a46b47c6b739662e113e07d7ad0a42cf
Spec2.02/spec2.02截图/90_probe_open_method_selected.png,439911,2026-08-02T13:39:18.836411+00:00,09099115d1a87cde13dd2fc0868bd2dae20952da8f9e28ca1edf505558bfc8c7
Spec2.02/spec2.02截图/90_probe_sample_input.png,470500,2026-08-02T13:40:05.237233+00:00,f51ddbb646bbbc3a38b05604d39bab7e1259eb4681c2d220efbc94f051cdde4d
Spec2.02/spec2.02截图/90_probe_sample_input_clean.png,376746,2026-08-02T13:40:53.350394+00:00,456695a8aec156e9f89ed6f371971ee1e4d82e63e2b45fd4879a37a4460c80da
Spec2.02/SpecDirect.exe,7775744,2026-02-09T01:51:48.000000+00:00,e6dcd8e38f9cbac5549e5280a60b35f6bf479d75582af165356ba2a685b077b1
Spec2.02/化验DIRECT.MTD,528384,2017-05-26T05:43:32.000000+00:00,de7ef8cf7f9c89d7454e89763f08755284087ecd25516d014f20a4ef76214599
Spec2.02/方成DIRECT.MTD,512000,2019-11-08T03:50:36.000000+00:00,04a5e8212439deb4f7bc9e5526c568de0acad55c5b85d090edbf377b3c5b94c6
Spec2.02功能研究/01_功能树_源码整理版.md,20885,2026-08-03T01:46:17.292903+00:00,6694bc877e59bec6ad2b4bd3c33d60f2fc0e32aeaf740744ff24aa679ce44168
Spec2.02功能研究/02_截图清单_功能覆盖版.md,25258,2026-08-04T09:46:15.272146+00:00,bf0e946b19298bbf55b2ca0407b180c5123060a88685b05309e8bb046a9c233a
Spec2.02功能研究/03_Spec2.02功能说明与截图文档.md,52839,2026-08-04T09:46:16.406858+00:00,1f20eb1923f541f3586cb632334953a493333b2d023e21a36f88c1a489957374
Spec2.02功能研究/qa_render/a11y_20260803.json,13659,2026-08-03T01:48:45.461826+00:00,33424c21feb21938bbd6f05c649d5591f196a49ec193abadd930e7c5fe398e7e
Spec2.02功能研究/qa_render/a11y_20260803_final.json,182,2026-08-03T01:57:23.726213+00:00,e20e4a27c51a388ee0f3431719185ed6f112ed4787ecd83ca9772012f7a57ebe
Spec2.02功能研究/qa_render/a11y_20260803_v2.json,182,2026-08-03T01:50:14.188752+00:00,e20e4a27c51a388ee0f3431719185ed6f112ed4787ecd83ca9772012f7a57ebe
Spec2.02功能研究/qa_render/contact_00_before.png,243538,2026-08-02T16:24:21.992396+00:00,7849b793cb22b91d408856d488c349a9754a8e6f97ebeb6b01d03824cadac6f9
Spec2.02功能研究/qa_render/contact_10_before.png,239471,2026-08-02T16:24:22.354456+00:00,e98d5d0aa2d32b22b1b7926c97f5fbc1935c519a8c40935f132a8d54e2a46d03
Spec2.02功能研究/qa_render/contact_20_before.png,227850,2026-08-02T16:24:22.621065+00:00,168dc4291f3619113f1db32f8491c0a4b6414f547cadc82b3116bb29f708d11a
Spec2.02功能研究/qa_render/contact_21_before.png,352638,2026-08-02T16:24:22.953870+00:00,3401c4677717439734e45dd802d90cb79be69c9ccc261b1a6789ba6667e26e11
Spec2.02功能研究/qa_render/contact_22_before.png,49488,2026-08-02T16:24:23.025669+00:00,751018448b51179855443e9b129bbe07b689fc044070fba450263276acfce2f9
Spec2.02功能研究/qa_render/contact_30_before.png,404495,2026-08-02T16:24:23.417941+00:00,145e030584ec92450bd883b636652212ec31a75a06060f3ac93159c1aaa8bee1
Spec2.02功能研究/qa_render/contact_40_before.png,184957,2026-08-02T16:24:23.675973+00:00,448b3fea7f53830d618490ac33eb8f276058d762a65c15a1abf2521062b8be35
Spec2.02功能研究/qa_render/contact_50_before.png,223716,2026-08-02T16:24:23.991892+00:00,cb6efadfea50e330037a6d26c77c8454cde7a6a0a77ec4a718fdcc83e24abedd
Spec2.02功能研究/qa_render/contact_60_before.png,85484,2026-08-02T16:24:24.087297+00:00,e8413fc309ba2a4a6e20d08abc2bb06706452b30ff84f9a46a10ce9edd466d06
Spec2.02功能研究/qa_render/contact_formal_after_cleanup.png,1313303,2026-08-02T16:32:43.446576+00:00,9ba897b597a5530707d2ab761ac422403bfc5b146cd3c510d86f088f5d53a96c
Spec2.02功能研究/qa_render/contact_working_1.png,292944,2026-08-02T16:27:34.822942+00:00,5e7abfe5ac4346960daca9cd70379a5797eaf386ed5e92d0337320d45bfafa8f
Spec2.02功能研究/qa_render/contact_working_2.png,323438,2026-08-02T16:27:35.222940+00:00,fa3da9c11cac0a9f92fea61169dce2d1e270a6ac1433d4d822189e3ad71ff14c
Spec2.02功能研究/qa_render/contact_working_3.png,145325,2026-08-02T16:27:35.356215+00:00,899a3f261069c022202ac98625fe33ccf7268acfd97b438fbb739a1e31d098c6
Spec2.02功能研究/qa_render/style_lint.json,7248,2026-08-02T20:58:48.864119+00:00,4a0631d84ea0ef66101b85161f9e7a307549c1a631bc3c673a25d4c1a453d62c
Spec2.02功能研究/qa_render/style_lint_20260803.json,7080,2026-08-03T01:48:46.332301+00:00,e7fbae2f0191df1a99545d4e4f0c337c1de3142261f07943a8f866236503774b
Spec2.02功能研究/qa_render/style_lint_20260803_v2.json,7080,2026-08-03T01:50:15.033497+00:00,e7fbae2f0191df1a99545d4e4f0c337c1de3142261f07943a8f866236503774b
Spec2.02功能研究/screenshots/10_光谱方法_另存为_输入名称.png,445368,2026-08-02T15:11:03.950256+00:00,64b84a2ac2886da2463f6e1ff077b4dfa6c46bce82db25cfd15d7c72ec29d47a
Spec2.02功能研究/screenshots/10_光谱方法_打印机设置.png,447799,2026-08-02T15:15:42.069577+00:00,a543831bb74a7c7b7ee3e6ae01820d39216c2c4178113b883551a4cd020305fa
Spec2.02功能研究/screenshots/10_光谱方法_打开方法_方法列表.png,441830,2026-08-02T14:40:43.844585+00:00,80b0573bde7244cd1ec8e780016c7927f02b005aa438ebf7038a4763bccf9d28
Spec2.02功能研究/screenshots/10_光谱方法_新建方法_输入名称.png,422703,2026-08-02T15:10:12.394311+00:00,5b90b2d955119db7f0b33c6d6999128e4828ac472a5f2f571a0be02d75ba4009
Spec2.02功能研究/screenshots/10_光谱方法_页面设置.png,434698,2026-08-02T15:15:25.302920+00:00,9fa503b12d2ea6369fd6ab66d65e6a9c2e0d569735c5ea46e5f123b89eb78983
Spec2.02功能研究/screenshots/20_分析条件_方法参数_激发参数.png,492003,2026-08-02T14:46:01.572410+00:00,e28bc71339ef1ad3b6c28d8a2179433ec2e0273cb12cfef488656970db219f8d
Spec2.02功能研究/screenshots/20_分析条件_方法参数_谱带参数.png,462788,2026-08-02T14:49:52.856702+00:00,e83eec4fd9fbd557a5aa0340e28ba337206a67fb18e56fabfffa005cdca8cfe1
Spec2.02功能研究/screenshots/20_分析条件_方法参数_谱板参数.png,465589,2026-08-02T14:49:17.002280+00:00,48d396b95977851d88fbeb5a954d897e7271b3e4087a112148cbbba950486a9d
Spec2.02功能研究/screenshots/21_分析条件_分析谱线_内标方式选项.png,501338,2026-08-02T15:01:27.114798+00:00,e61d37ac04524a53754362c71a4b5c0d802f23fce699feaec7e8bb5ca7a05e45
Spec2.02功能研究/screenshots/21_分析条件_分析谱线_列表.png,502582,2026-08-02T14:50:27.677505+00:00,639d71e68791dcecbc1f75b353e766e8ffec925394af17e6eb3fc0a69fc27a3f
Spec2.02功能研究/screenshots/21_分析条件_分析谱线_增加谱线.png,551260,2026-08-02T14:51:02.159115+00:00,d5ddedaa1175a565644db0406f7f3fa9b52018344b841623da59d255857d2abf
Spec2.02功能研究/screenshots/21_分析条件_分析谱线_峰值方式选项.png,499374,2026-08-02T15:02:10.688725+00:00,b22670f1ac18914a28533cd4c1c1b4becf14fe2366ce335152b771d8425d7b5c
Spec2.02功能研究/screenshots/21_分析条件_分析谱线_拟合方式选项.png,501851,2026-08-02T15:03:08.284914+00:00,2ed5a11f97aeece9bfa01f97389b30d7e313346fe854b73244b81682137d936b
Spec2.02功能研究/screenshots/21_分析条件_分析谱线_谱线类型选项.png,499252,2026-08-02T14:56:39.829676+00:00,6b08afb9cdaf238e5c5a9f9fe3097286168471a00d7226b8c4040c30d9815f27
Spec2.02功能研究/screenshots/22_分析条件_参数打印.png,433975,2026-08-02T15:09:19.748412+00:00,9102f434876d644204edfb4e735bddd546d7b28d3a818cb4413f91f37478727b
Spec2.02功能研究/screenshots/30_分析测试_样品摄谱_样品编号输入.png,425430,2026-08-02T15:30:42.706419+00:00,a74e92b95eb95e2d913d624592edfda65fff87fc6e17acfa44659ec91e702678
Spec2.02功能研究/screenshots/30_分析测试_样品摄谱_采集控制台.png,300444,2026-08-02T20:29:18.072564+00:00,2f7d22f95777aefabf8b61719bf10896fd0a00b4d25a084a1a988f10abd8f256
Spec2.02功能研究/screenshots/30_分析测试_样品摄谱_预激发进度.png,366716,2026-08-02T20:29:59.812174+00:00,3e77438930ccf8cafb0d237c4f904fd8ec739621888a2775e4fb6f0571f1e4ee
Spec2.02功能研究/screenshots/30_分析测试_色散摄谱_工作条件.png,440575,2026-08-02T15:30:00.402084+00:00,d4b9cdd84e71e42390e140bd4fe585922502374e6475263db0566b699346ad39
Spec2.02功能研究/screenshots/30_分析测试_色散曲线分析_载入实际文件.png,560022,2026-08-02T15:32:56.967314+00:00,43f64f70ea42f93bc07310d67f938b1c7cd21507afdd6dde3436bdcaaa589b3c
Spec2.02功能研究/screenshots/30_分析测试_蒸发摄谱_工作条件.png,442122,2026-08-02T15:30:20.996709+00:00,2fe43aeaec8306f9d3bc74f2954fba2965783c8b4b425bdb2706ebaa3203c7a4
Spec2.02功能研究/screenshots/30_分析测试_蒸发曲线分析_载入实际数据.png,636989,2026-08-02T15:36:23.309814+00:00,b14d2f03094926793f9cd6a24481ec026c37dc90bcee6577b33e3f864ac5b293
Spec2.02功能研究/screenshots/30_分析测试_预录样号.png,496332,2026-08-02T15:44:22.892207+00:00,d81682bfce4e689dfd3d3dd480412cc3f4cb312b35cf114dad8b3a72a19b1619
Spec2.02功能研究/screenshots/30_补充_分析测试_慢进模式_观察测量谱带.png,257911,2026-08-02T18:48:49.079647+00:00,8470e055715fc5fa0f180a8d9a19bd945f466dccd68dc68d29a7f3d1c4743c15
Spec2.02功能研究/screenshots/30_补充_分析测试_查看谱图_全时样品实际谱图.png,379451,2026-08-02T19:16:27.710515+00:00,13c3717206a1c8d8177a8b75ecdb7f4f826c1d166a2658c86ea9298fb11c5ebb
Spec2.02功能研究/screenshots/30_补充_分析测试_查看谱图_十字线与单点强度_多样样品.png,564615,2026-08-02T17:54:15.941819+00:00,761e0946f23063b0854529fe7c26ba16789eb8401206935436c6184014231bfc
Spec2.02功能研究/screenshots/30_补充_分析测试_查看谱图_多样品对比.png,561650,2026-08-02T17:52:56.701506+00:00,cf42636fc68d91d464a020013c284d268321c81d3f42144c5e9a0a28937cd486
Spec2.02功能研究/screenshots/30_补充_分析测试_查看谱图_横向与纵向缩放.png,535809,2026-08-02T17:56:30.985328+00:00,0f5dd3f06d815edc32fb92ea4b3ca644275b45d21cc2637ec6625b90eadefbcb
Spec2.02功能研究/screenshots/30_补充_分析测试_标准曲线_三次曲线拟合.png,327821,2026-08-02T18:44:46.671822+00:00,9bcbe82185118715f15676df927ada7709448f690e4ca9da073105dfab952425
Spec2.02功能研究/screenshots/30_补充_分析测试_标准曲线_拟合结果.png,328449,2026-08-02T18:40:57.410755+00:00,72c5f54c703cec98c15b313c9fa8d58fd7ca528f37b1138f3b3720ee06caee49
Spec2.02功能研究/screenshots/30_补充_分析测试_标准曲线_标准点停用重算.png,327937,2026-08-02T18:45:35.402473+00:00,dcf10e8d047d594d1a58b7167070ff405241c60f0cf394be42ce3834698c62d1
Spec2.02功能研究/screenshots/30_补充_分析测试_样品分析_实际结果.png,392163,2026-08-02T18:46:57.372397+00:00,59066a92d6163e9ee449d2bd70b18a6e8c695533c057f81a1f5d308f4888724a
Spec2.02功能研究/screenshots/30_补充_分析测试_重复性误差_RSD数据检查.png,229779,2026-08-02T18:36:54.842446+00:00,811af29d3d266d91baa14bac95a15e27042450e7730a6e401999cb6faf38c0a9
Spec2.02功能研究/screenshots/40_数据处理_导出强度_向导第三步.png,439324,2026-08-02T16:04:53.692432+00:00,e3250716354d0735d9d9d114fe5b8be09c445dfc7c005a2f5c4badd09d9ad814
Spec2.02功能研究/screenshots/40_数据处理_导出强度_向导第二步.png,441310,2026-08-02T16:04:25.867473+00:00,64582b6dfb8d39949df91fafdc20b5a178b26011f361bb3595baca902ab12dca
Spec2.02功能研究/screenshots/40_数据处理_导出强度_导出类型选项.png,441619,2026-08-02T16:05:43.819091+00:00,5f02d74e22e5b990b3027137dc3437e221cfc0c2932fce93284db2b0dd929b97
Spec2.02功能研究/screenshots/40_数据处理_导出强度_载入文件后.png,434275,2026-08-02T15:56:08.623011+00:00,4038bcacabf088aebef9290aa4c724d3a5ecbe257ac6c5baad031965c5f1b17e
Spec2.02功能研究/screenshots/40_数据处理_打印报告.png,449030,2026-08-02T15:45:27.516629+00:00,2e4b2c511c87c8ece7451f9931a76c561ce21310516261c316ff400eb42cde11
Spec2.02功能研究/screenshots/40_补充_数据处理_导出报告_向导第一步_实际文件.png,263190,2026-08-02T19:44:54.952468+00:00,73a90607c28d71ddaeb20783a4c75329bf6a9cb59ca68b598ce5d4b0ffccd264
Spec2.02功能研究/screenshots/40_补充_数据处理_导出报告_向导第三步_选项设置.png,256367,2026-08-02T19:46:13.435184+00:00,be2e197c46ebbce2063ea9ee2c1124d8dff1756dab4eaef01a69bc43d5e9c912
Spec2.02功能研究/screenshots/40_补充_数据处理_导出报告_向导第二步_目标目录.png,257935,2026-08-02T19:45:44.270892+00:00,1bcb839ef0b83036eb5ce14b9a298864142be31c07da633101b9f2a1bfe4312d
Spec2.02功能研究/screenshots/40_补充_数据处理_重新计算_结果载入.png,250884,2026-08-02T18:36:03.108176+00:00,912b605aef1010d177af24d6be9d6d16c938f83651acaf4d3c37f2e300430895
Spec2.02功能研究/screenshots/50_工具_备份压缩数据库.png,429104,2026-08-02T15:25:15.292892+00:00,b8496b99fee65fd0a8f3450481e6f98354f06be577f2b500eea9b9a9339d97ff
Spec2.02功能研究/screenshots/50_工具_导入蒸发摄谱文件.png,471842,2026-08-02T15:27:47.627692+00:00,f34ddcdf396cd7e0383ef1d280d5192687cd594ea2ff087845059c384c9da1dc
Spec2.02功能研究/screenshots/50_工具_方法管理.png,442873,2026-08-02T15:24:55.090268+00:00,059734fcfa20143c46fda1b1bb82dbdf7c7410246445603638f68d47c2bfd425
Spec2.02功能研究/screenshots/50_工具_设备参数.png,441823,2026-08-02T15:16:42.720894+00:00,1537e1b9e5f05f51066d748e67f22deee8ee4f1a1494db170c43149cd5cc6759
Spec2.02功能研究/screenshots/50_工具_设备参数_CCD设置.png,442787,2026-08-02T15:17:00.928011+00:00,675196d3396f5004f6919c4cdba87f1bcb28221fe60a8017fff08e5e8634ed95
Spec2.02功能研究/screenshots/50_工具_软件参数.png,437307,2026-08-02T15:16:28.554285+00:00,5332f195af0a63270fd3338a1e8a88b2175ddd3e056241f1d2dbbba8ac2b559e
Spec2.02功能研究/screenshots/60_帮助_关于.png,423146,2026-08-02T15:29:11.013351+00:00,071b4a5d436dadc186ce99de3c22f63ecc755f4b32b3065f297ce7842e6ce6a4
Spec2.02功能研究/source_notes/__pycache__/build_spec_docs.cpython-312.pyc,51114,2026-08-04T09:37:47.131727+00:00,1dcb51bc920d9f383e2d1df6d0398815134d5e933e6e7dab1add0bd5f8dbb8a8
Spec2.02功能研究/source_notes/build_spec_docs.py,39998,2026-08-04T09:37:27.545253+00:00,c1b0494b12f87cae34003166a8ee3daa17bfdab21d3ea6f89817f436cc1918ac
Spec2.02功能研究/source_notes/capture_spec2.ps1,3778,2026-08-02T17:21:59.343755+00:00,e15bb05468b499d0f1f99278ef3ef892465a689d5bb47ca7cac0ca341bf68c63
Spec2.02功能研究/source_notes/capture_ui.ps1,4624,2026-08-02T13:50:02.612292+00:00,121925f179a9c5f8a939181780cd5f5f64d92ae1dc02e6f4aed265f66576e2e7
Spec2.02功能研究/source_notes/spec_ui_helpers.ps1,3555,2026-08-02T15:26:26.525542+00:00,0330689b3b7d491193c55b7c9c4ce94ea840a180f20df1417aafb4b5670d77b9
SpecFile/01_协议与格式文档/2送数顺序.doc,24576,2026-07-14T08:28:38.000000+00:00,004a347a08006bf3f490f4ae91ba8b2d124360c4e73c1187573005701a38d91f
SpecFile/01_协议与格式文档/3数据存储格式.doc,24064,2026-07-14T08:28:38.000000+00:00,82869823a2e95fef98b0094a378fff9b0d329078ba66c4ab15de82bb651d1df9
SpecFile/01_协议与格式文档/三次曲线拟合.txt,1677,2014-11-01T02:09:50.000000+00:00,34f5f15ef7bbe1b7ea2bc2c5f0f8f8e188c1d210effdde7584d819084643471d
SpecFile/01_协议与格式文档/二次曲线拟合.txt,951,2014-11-01T02:09:50.000000+00:00,c8d00996d1f787cbd2bb7e31958bd07dbc8679314b59c71093151358b6c5d9b5
SpecFile/01_协议与格式文档/色散曲线换算.xls,28160,2014-10-25T08:33:06.000000+00:00,bb8087c8751931ad34882bfdc90505ce98b2d9dd10ca78f20eea2250c2118584
SpecFile/02_软件帮助/DIRECT.CHM,725714,2017-07-04T03:10:16.000000+00:00,b1e3f2c82f0e74a2d6112f0ac7f0f02094c8459bf4db04d86fdb0ba911bea909
SpecFile/03_方法与数据库/DIRECT.MTD,339968,2026-06-01T02:56:44.000000+00:00,527ae25c08dcf3afb8365b4177cf5d5b113eb417649b6803ad7de2f27c43f83d
SpecFile/03_方法与数据库/DIRECT.MTD.OLD,327680,2017-05-26T01:56:08.000000+00:00,6069a7134364232f8b8a2e5a265ea32440997bca654492ba0b110a4d38c1f786
SpecFile/03_方法与数据库/DIRECT.~mtd,315392,2017-05-15T07:07:28.000000+00:00,afa926567443957bbe34cebae52ce6b3da59dc872adde2219c753608dca534f6
SpecFile/03_方法与数据库/DIRECT__Res.MTD,307200,2015-01-30T05:51:22.000000+00:00,d4466f0b73ab5edd0efb2d6da20f0cd16f284c2b014891c85504c71220a5825e
SpecFile/03_方法与数据库/分时样品.mdb,159744,2018-01-18T08:00:16.000000+00:00,e1e5c001b79294b9391a7e1269bba1bafa19f97b7d8133b2382cf3c67867591c
SpecFile/03_方法与数据库/化验DIRECT.MTD,536576,2026-05-29T13:24:30.000000+00:00,f049c2012e276ff10f6b0ed040ee542b4f23827c5e950fa5ff8b22b957695ed5
SpecFile/03_方法与数据库/方成DIRECT.MTD,512000,2019-11-08T03:50:36.000000+00:00,04a5e8212439deb4f7bc9e5526c568de0acad55c5b85d090edbf377b3c5b94c6
SpecFile/03_方法与数据库/蒸发色散.mdb,176128,2017-05-18T07:29:22.000000+00:00,10b7e8a311aa1b1dab4ffb49498affce3984c4d392026550b0a9559be13113fa
SpecFile/04_配置与基础参考表/DIRECT.CFG,144,2026-06-01T02:58:04.000000+00:00,6adb3fe9901cc8e5454bee157b4c5c0ad4eda3ae46f40356138a90853d6f1236
SpecFile/04_配置与基础参考表/DIRECT.CFG.VIP,144,2026-05-31T09:50:30.000000+00:00,6adb3fe9901cc8e5454bee157b4c5c0ad4eda3ae46f40356138a90853d6f1236
SpecFile/04_配置与基础参考表/DIRECT.OPT,379,2026-05-31T09:21:32.000000+00:00,42d7258b5525dc7f4397a97aa229e488eecb149a4ef514c4fbd9876a70a09a79
SpecFile/04_配置与基础参考表/DIRECT.OPT.CUS,332,2026-06-01T00:38:54.000000+00:00,03143565f2787654b1db3a50b758ef7d6bc5a61104f27d165a315f2128bba00c
SpecFile/04_配置与基础参考表/DIRECT.OPT.VIP,395,2026-05-31T09:21:42.000000+00:00,3ceb8d73484687a2b83cfb64ceac6cdecfb8c0e68e5a04497b3501c624de63dc
SpecFile/04_配置与基础参考表/ELEMENTS.SYM,335,2010-05-04T11:38:20.000000+00:00,210766f44c751582b54ae79d13a4d6bbf19dd13717826524a03aa2fc097e56cb
SpecFile/04_配置与基础参考表/Hg线波长表.xls,25088,2014-09-30T06:35:20.000000+00:00,c3d5fd30be9a2a88c6cb1e4695f742fa134eeb0e867706d1e7f90b9c893764f0
SpecFile/05_样品队列/测试15-5-960.sam,9600,2017-05-20T08:36:20.000000+00:00,353a67ca7855cafaef62fac9c25f965d95624202e19cb03e06a8626e7b544be0
SpecFile/05_样品队列/测试15-5.sam,1200,2026-05-29T02:29:36.000000+00:00,dcb9daac1b17d1ed33ae8fd35127faab17bbfd6fd7debde3b9e91e11e39a8626
SpecFile/06_空白数据模板/blk.cdt_,159744,2018-01-14T05:08:44.000000+00:00,63260a4aafc81beedba61faf81d88db42518eb69d765a253e2cdb7279d3f9091
SpecFile/06_空白数据模板/blk.cmt_,159744,2018-01-14T05:08:54.000000+00:00,e1e5c001b79294b9391a7e1269bba1bafa19f97b7d8133b2382cf3c67867591c
SpecFile/06_空白数据模板/blk.edt_,176128,2014-10-17T01:26:56.000000+00:00,900ab4c99a37b532ea9ede5851854af4740d3514794790148052d61b457404ca
SpecFile/06_空白数据模板/blk.qct_,176128,2014-10-17T01:26:56.000000+00:00,900ab4c99a37b532ea9ede5851854af4740d3514794790148052d61b457404ca
SpecFile/06_空白数据模板/blk.wdt_,176128,2014-10-17T01:26:56.000000+00:00,900ab4c99a37b532ea9ede5851854af4740d3514794790148052d61b457404ca
SpecFile/07_谱图与曲线数据/20141029_测试.edt,57708544,2019-04-17T03:24:34.000000+00:00,00a10a003858697b964183a4be2ea6ca6ad770f77a9b8ca0586ac0162aff15d0
SpecFile/07_谱图与曲线数据/20141029_测试.qct,57708544,2019-04-17T03:26:12.000000+00:00,46fd673257e37ba182d309971c209575b182246d9934b5bac8355cf6125cfdd7
SpecFile/07_谱图与曲线数据/20141029_测试.wdt,57708544,2017-05-09T00:35:56.000000+00:00,1fe6c123c105f832cd8fb0f299bf6c2f19dff49cde81b7527a6885e14e8f5fde
SpecFile/07_谱图与曲线数据/标准系列.wdt,3633152,2014-10-22T00:02:44.000000+00:00,29689046cc06565d21208bffdb3e10f050aef7abd0a391678f09a9a795dffcf3
SpecFile/07_谱图与曲线数据/标准系列S10.wdt,1003520,2014-10-22T00:02:44.000000+00:00,f509b26d78f1fa4bc9f52e1dcacbf5bd5ed539497e2d0acde6337d20d4a43a43
SpecFile/07_谱图与曲线数据/测试15-5_20170509_[1-18].cdt,43491328,2017-05-10T09:08:08.000000+00:00,a45f5fd4b8c4ebd06eadb2bf11161b36a66a81d24a9234ff3ee47392f7cfbd54
SpecFile/07_谱图与曲线数据/测试15-5_20170509_[1-18].cmt,460529664,2019-04-17T03:25:56.000000+00:00,55553702185bfdb21007f8f94a15680a1147b1c318391adfb4736a6cbfd47270
SpecFile/07_谱图与曲线数据/测试15-5_20170509_[2-16].cdt,5578752,2017-05-21T13:18:46.000000+00:00,517d126dcf95099c7d0fa6543eba1e8471b6e7d342fbfa86fbcbd857011ed756
SpecFile/07_谱图与曲线数据/测试15-5_20170509_[2-16].cmt,50323456,2026-06-01T02:58:56.000000+00:00,db09294199d9f49ee2dfb7e17e9dd58f35048b742c06cea2caf93f4f1329f3aa
SpecFile/07_谱图与曲线数据/测试15-5_20170517_[1-18]ErrIndex.cmt,57696256,2026-05-29T02:49:06.000000+00:00,dc40bbebedc5f8905ef31e5c5257c27e69a8786a7e2922eae52c3fb91fdf8d6e
SpecFile/07_谱图与曲线数据/生产用方法_20170526_1135.cmt,13471744,2017-06-05T06:56:42.000000+00:00,f4b29b1f341bd04a612948abc6a4ed2ff1c681864525e7b9180bf4b9741ea353
SpecFile/08_分析结果数据/测试15-5_20180403_1227.pdt,11068,2018-04-03T04:27:26.000000+00:00,d5c5771531742e3a8e7bd21acf5acbbf4e84893e2f4d4079ffa6554db57cd8b4
SpecFile/08_分析结果数据/测试15-5_20190421_1842.dat,2105,2019-04-21T10:42:46.000000+00:00,3ff051cb128730c24181119970f14cb8d96678c08cebcf732bc6ebab520af7fd
SpecFile/08_分析结果数据/测试15-5_20190421_1842.pdt,11068,2019-04-21T10:42:18.000000+00:00,d13b3d74821ea04425a6989f67fb08a324dc41f5deb7a80544b612c119f2a534
SpecFile/08_分析结果数据/测试15-5_20260529_0805.dat,2105,2026-05-29T00:06:14.000000+00:00,bb4b15f4de52a47f6aefcfe5f3f0ff660c38c94566676a915800822c7a4e0356
SpecFile/08_分析结果数据/测试15-5_20260529_0805.pdt,11068,2026-05-29T00:05:56.000000+00:00,0ab4ccae7f04ca8d876e55dc3feb557ec6335ce0dbfcf360333ad186f898fd78
SpecFile/08_分析结果数据/测试15-5_20260531_1755.dat,2105,2026-05-31T09:56:52.000000+00:00,b7a6b0e6f808fc208d67bd36a8d7cd4493f501cc868a3b1d3718b188b98bbd93
SpecFile/08_分析结果数据/测试15-5_20260531_1755.pdt,8143,2026-05-31T09:56:02.000000+00:00,355beb4f90e6b998f0b33e7e89a7346b7a0e5e62d2d3b70c67ad6ed27eaccd81
SpecFile/09_模拟与原始采集数据/280-288.acq,24579,2014-09-30T06:36:58.000000+00:00,ef130de0bde91cdb084333002207493380ad4b776fc2ce1c6960d19e0e164c0c
SpecFile/09_模拟与原始采集数据/280-288.txt,423942,2014-09-30T06:36:58.000000+00:00,276510bda50ecc75afb0784b41e388b4817dbc60fb07adf5215350cf041e62e6
SpecFile/09_模拟与原始采集数据/280-288__Res_模拟数据.acq,24579,2014-09-30T06:35:20.000000+00:00,ef130de0bde91cdb084333002207493380ad4b776fc2ce1c6960d19e0e164c0c
SpecFile/09_模拟与原始采集数据/280-288__Res_模拟数据.txt,423942,2014-09-30T06:35:20.000000+00:00,276510bda50ecc75afb0784b41e388b4817dbc60fb07adf5215350cf041e62e6
SpecFile/09_模拟与原始采集数据/291-299.acq,24579,2014-09-30T06:36:58.000000+00:00,9ccf429c0b89e873711a400fba9267711f0287279c39593988a2ed4cb01294e2
SpecFile/09_模拟与原始采集数据/291-299.txt,423942,2014-09-30T06:36:58.000000+00:00,e27f19204db405ebf06b2ce33f41a3d51ca1c75f8d886d55aec04f3915631196
SpecFile/09_模拟与原始采集数据/291-299__Res_模拟数据.acq,24579,2014-09-30T06:35:20.000000+00:00,9ccf429c0b89e873711a400fba9267711f0287279c39593988a2ed4cb01294e2
SpecFile/09_模拟与原始采集数据/291-299__Res_模拟数据.txt,423942,2014-09-30T06:35:20.000000+00:00,e27f19204db405ebf06b2ce33f41a3d51ca1c75f8d886d55aec04f3915631196
SpecFile/09_模拟与原始采集数据/303-310.acq,24579,2014-09-30T06:36:58.000000+00:00,b031f17cbc3c207a1213cba0abf351f3ccb011adcde8542e4ae9c85d322fd297
SpecFile/09_模拟与原始采集数据/303-310.txt,423942,2014-09-30T06:36:58.000000+00:00,703f0d133d5ebbe80c1ce3b98e33daec1947f1433f0036b2825b23723097f987
SpecFile/09_模拟与原始采集数据/303-310__Res_模拟数据.acq,24579,2014-09-30T06:35:20.000000+00:00,b031f17cbc3c207a1213cba0abf351f3ccb011adcde8542e4ae9c85d322fd297
SpecFile/09_模拟与原始采集数据/303-310__Res_模拟数据.txt,423942,2014-09-30T06:35:20.000000+00:00,703f0d133d5ebbe80c1ce3b98e33daec1947f1433f0036b2825b23723097f987
SpecFile/09_模拟与原始采集数据/Ccd首尾强度.doc,23040,2014-09-30T06:36:58.000000+00:00,e801b4265e9348ec30672383166e35c12976309a03de63c5024da8fbcfd155bb
SpecFile/09_模拟与原始采集数据/Ccd首尾强度.txt,1283,2014-09-30T06:36:58.000000+00:00,d5f75c1210b962c03dc49015da31a538c4c192d346e861247e92b538dbc60dac
SpecFile/09_模拟与原始采集数据/Ccd首尾强度__Res_模拟数据.doc,23040,2014-09-30T06:35:20.000000+00:00,e801b4265e9348ec30672383166e35c12976309a03de63c5024da8fbcfd155bb
SpecFile/09_模拟与原始采集数据/Ccd首尾强度__Res_模拟数据.txt,1283,2014-09-30T06:35:20.000000+00:00,d5f75c1210b962c03dc49015da31a538c4c192d346e861247e92b538dbc60dac
SpecFile/10_导出与打印样例/信息记录.txt,94566,2019-04-21T11:33:40.000000+00:00,526a08060694a53f59755fcb592aa918348483ba0a14daee2b6a3a9128c57fce
SpecFile/10_导出与打印样例/测试15-5_20170509_[2-16]_ASP.xls,201728,2026-06-01T02:55:52.000000+00:00,bd951883b2f977af1c790d7bc7e8ea115520584b599dfef5cad4eff5ee8f31ee
SpecFile/10_导出与打印样例/测试15-5_20170509_[2-16]_BSP.xls,214528,2026-05-31T09:53:12.000000+00:00,18fba445bd58698015956566a15d15566f50e3fea92c7bc1098a8ade83a0addd
SpecFile/10_导出与打印样例/测试15-5_20170509_[2-16]_SP.xls,214528,2026-06-01T02:59:42.000000+00:00,6c32e3a7c98b9af88b4901c62ed7625a45da1abd38a9a94e90f2fede785ca281
SpecFile/10_导出与打印样例/测试15-5_20170517_[1-18]ErrIndex_SP.xls,201728,2026-05-29T02:33:20.000000+00:00,732dde573ecf8f6f49363f3a0b0003e4408c77f3e6d73178cb3a7151d315f793
SpecFile/10_导出与打印样例/测试15-5_20190421_1842.xls,10240,2026-05-22T01:08:44.000000+00:00,8295b59cbb7375946a149c7f2d61dd0ff48e5eb3a5f079bc20a0ba6d0b8e4ae3
SpecFile/10_导出与打印样例/测试15-5_20190421_1842__Bin_DATA_测试15-5_20190421_1842.xls,10240,2019-04-21T10:46:10.000000+00:00,030ba07a91032dea73faa8480ea37f62d0010f0b0f2ca82e61b6071066c08629
SpecFile/10_导出与打印样例/测试15-5_20190421_1842_P.xls,22528,2019-04-21T11:22:24.000000+00:00,a556b00b7dafbd039a871da9a3febef709187e1c8476659d6653a5df07dd8971
SpecFile/10_导出与打印样例/测试15-5_20190421_1842_P__Bin_DATA.xls,22528,2026-05-25T07:54:26.000000+00:00,38157a5fa9f7d45132a486571023b9b0f99e222ebfb282f1e0387e8ff42c00ab
SpecFile/10_导出与打印样例/测试15-5_20260529_0805.xls,10240,2026-05-29T00:08:18.000000+00:00,10beca07d19639ae465c30cd015d83109f032c5fae34e6e4c8f0987402dafb75
SpecFile/10_导出与打印样例/测试15-5_20260529_0805_P.xls,22528,2026-05-29T00:08:06.000000+00:00,77ebe6ca4f00aa7bcc2abf171e444b534b309bcade3d5b01140c51d213790f94
SpecFile/10_导出与打印样例/测试15-5_20260531_1755dat.xps,28877,2026-05-31T09:56:58.000000+00:00,65946c67543f82cfb8cb546dac59939595ecfc8fe319a14486ecc938fe72c440
SpecFile/10_导出与打印样例/测试15-5_20260531_1755pdt.xps,47815,2026-05-31T09:56:24.000000+00:00,947d513ee90a034c70dad93af2741ce20930dc738b2cccc970db201805eef8f1
SpecFile/10_导出与打印样例/谱图示例.xps,90475,2018-09-27T00:41:48.000000+00:00,0515d5eb7581066e990fd91432c6f10086f3b314219bd07f07a0c7e69e585b63
SpecFile/11_压缩归档/谱图.rar,2618021,2014-09-30T06:35:20.000000+00:00,802e0528a186c7ca7d38b90a0eb65869e61f73c63e695e104201e2d0fcb88102
SpecFile/README.md,2438,2026-08-06T16:47:48.213527+00:00,19dac0205cecbcd95c4d86f4833ae0e4d591da2c077cfbe36ad88b8ec8495ac7
SpecFile/文件来源清单.csv,16120,2026-08-06T16:45:48.617665+00:00,505e5bb70a9614160112f2a2f0cfcfea591783c7d7c6982de5606333908f9920
